Order_ID,Order_Date,Month,Quarter,Year,Product_Name,Category,Subcategory,Brand,Unit,Unit_Price,Discount_Percent,Discounted_Price,Quantity,Total_Sale,Vendor_Name,City,Payment_Method,Order_Status
MM-ORD-1001,2024-08-16,Aug 2024,Q3 2024,2024,Total Engine Oil 10W-30 1L,Total,Engine Oil,Total,litre,410,5,389.5,9,3505.5,Khandelwal Shops,Gangapur City,Cash,Cancelled
MM-ORD-1002,2025-08-27,Aug 2025,Q3 2025,2025,Total Engine Oil 10W-30 1L,Total,Engine Oil,Total,litre,410,0,410.0,18,7380.0,Rajputana Machinery Co.,Jaipur,UPI,Delivered
MM-ORD-1003,2025-06-01,Jun 2025,Q2 2025,2025,Castrol Engine Oil 10W-30 1L,Castrol,Engine Oil,Castrol,litre,420,5,399.0,7,2793.0,Goyal Motors,Gangapur City,Bank Transfer,Delivered
MM-ORD-1004,2024-08-13,Aug 2024,Q3 2024,2024,Hydraulic Seal Kit,OEM,Tractor Parts,OEM,piece,450,12,396.0,18,7128.0,Kalyan Machinery Parts,Gangapur City,UPI,Processing
MM-ORD-1005,2025-12-15,Dec 2025,Q4 2025,2025,Bearing 6205,SKF,Motor Parts,SKF,piece,85,0,85.0,1,85.0,Ranthambore Machinery,Sawai Madhopur,UPI,Delivered
MM-ORD-1006,2024-04-14,Apr 2024,Q2 2024,2024,Bearing 6205,SKF,Motor Parts,SKF,piece,85,10,76.5,7,535.5,Shiv Automobile,Gangapur City,Cash,Shipped
MM-ORD-1007,2026-04-06,Apr 2026,Q2 2026,2026,Total Engine Oil 10W-30 1L,Total,Engine Oil,Total,litre,410,8,377.2,12,4526.4,Pawan Motors,Gangapur City,Cash,Cancelled
MM-ORD-1008,2024-03-21,Mar 2024,Q1 2024,2024,Air Filter Mahindra 265,OEM,Tractor Parts,OEM,piece,280,12,246.4,4,985.6,Capital Tools,Jaipur,Bank Transfer,Delivered
MM-ORD-1009,2025-12-22,Dec 2025,Q4 2025,2025,Fuel Filter Universal,OEM,Tractor Parts,OEM,piece,120,5,114.0,12,1368.0,Rajdhani Machinery,Sawai Madhopur,Cash,Delivered
MM-ORD-1010,2026-05-25,May 2026,Q2 2026,2026,Turbo Engine Oil 1L,Turbo,Engine Oil,Turbo,litre,360,0,360.0,10,3600.0,Ranthambore Machinery,Sawai Madhopur,Cash,Delivered
MM-ORD-1011,2024-06-15,Jun 2024,Q2 2024,2024,Motor Shaft 1 inch,Local,Motor Parts,Local,piece,350,10,315.0,15,4725.0,Agarwal Machinery,Gangapur City,UPI,Delivered
MM-ORD-1012,2025-09-15,Sep 2025,Q3 2025,2025,Veedol Engine Oil 1L,Veedol,Engine Oil,Veedol,litre,370,0,370.0,9,3330.0,Rajputana Machinery Co.,Jaipur,Bank Transfer,Delivered
MM-ORD-1013,2025-04-18,Apr 2025,Q2 2025,2025,Hydraulic Seal Kit,OEM,Tractor Parts,OEM,piece,450,0,450.0,8,3600.0,Tiger Motors,Sawai Madhopur,UPI,Delivered
MM-ORD-1014,2024-08-22,Aug 2024,Q3 2024,2024,Hydraulic Seal Kit,OEM,Tractor Parts,OEM,piece,450,0,450.0,11,4950.0,Kalyan Machinery Parts,Gangapur City,Cash,Delivered
MM-ORD-1015,2025-08-03,Aug 2025,Q3 2025,2025,Motor Shaft 1 inch,Local,Motor Parts,Local,piece,350,5,332.5,3,997.5,Agarwal Machinery,Gangapur City,Bank Transfer,Delivered
MM-ORD-1016,2025-10-20,Oct 2025,Q4 2025,2025,Veedol Engine Oil 1L,Veedol,Engine Oil,Veedol,litre,370,12,325.6,16,5209.6,Rajputana Machinery Co.,Jaipur,UPI,Delivered
MM-ORD-1017,2026-02-03,Feb 2026,Q1 2026,2026,Bearing 6205,SKF,Motor Parts,SKF,piece,85,8,78.2,8,625.6,Shiv Automobile,Gangapur City,Bank Transfer,Shipped
MM-ORD-1018,2024-05-21,May 2024,Q2 2024,2024,PTO Shaft,OEM,Tractor Parts,OEM,piece,2200,5,2090.0,12,25080.0,Jaipur Auto Parts,Jaipur,Bank Transfer,Shipped
MM-ORD-1019,2024-06-05,Jun 2024,Q2 2024,2024,Remola Engine Oil 10W-30 1L,Remola,Engine Oil,Remola,litre,380,0,380.0,2,760.0,Ranthambore Machinery,Sawai Madhopur,Bank Transfer,Delivered
MM-ORD-1020,2025-01-25,Jan 2025,Q1 2025,2025,Winding Wire 20 SWG,Finolex,Motor Parts,Finolex,piece,450,12,396.0,3,1188.0,Pink City Motors,Jaipur,Bank Transfer,Shipped
MM-ORD-1021,2025-11-27,Nov 2025,Q4 2025,2025,Clutch Plate John Deere,OEM,Tractor Parts,OEM,piece,1200,0,1200.0,18,21600.0,Agarwal Machinery,Gangapur City,Bank Transfer,Delivered
MM-ORD-1022,2024-04-24,Apr 2024,Q2 2024,2024,Hydraulic Seal Kit,OEM,Tractor Parts,OEM,piece,450,10,405.0,9,3645.0,Ranthambore Machinery,Sawai Madhopur,UPI,Shipped
MM-ORD-1023,2025-05-27,May 2025,Q2 2025,2025,Gulf Gear Oil EP-90 5L,Gulf,Gear Oil,Gulf,litre,1100,8,1012.0,1,1012.0,Rajasthan Machinery Hub,Jaipur,Cash,Processing
MM-ORD-1024,2024-06-05,Jun 2024,Q2 2024,2024,Total Engine Oil 10W-30 1L,Total,Engine Oil,Total,litre,410,5,389.5,10,3895.0,SM Auto Parts,Sawai Madhopur,UPI,Delivered
MM-ORD-1025,2025-09-05,Sep 2025,Q3 2025,2025,Hydraulic Seal Kit,OEM,Tractor Parts,OEM,piece,450,0,450.0,17,7650.0,Ranthambore Machinery,Sawai Madhopur,UPI,Shipped
MM-ORD-1026,2024-09-02,Sep 2024,Q3 2024,2024,Castrol Engine Oil 10W-30 1L,Castrol,Engine Oil,Castrol,litre,420,8,386.4,12,4636.8,Goyal Motors,Gangapur City,Cash,Delivered
MM-ORD-1027,2026-04-15,Apr 2026,Q2 2026,2026,PTO Shaft,OEM,Tractor Parts,OEM,piece,2200,15,1870.0,3,5610.0,Goyal Motors,Gangapur City,Cash,Processing
MM-ORD-1028,2024-09-28,Sep 2024,Q3 2024,2024,HP Engine Oil 10W-30 1L,HP,Engine Oil,HP,litre,390,0,390.0,16,6240.0,Shiv Automobile,Gangapur City,Bank Transfer,Processing
MM-ORD-1029,2025-12-31,Dec 2025,Q4 2025,2025,Winding Wire 20 SWG,Finolex,Motor Parts,Finolex,piece,450,5,427.5,18,7695.0,Kalyan Machinery Parts,Gangapur City,UPI,Shipped
MM-ORD-1030,2024-05-03,May 2024,Q2 2024,2024,Capacitor 40uF,Havells,Motor Parts,Havells,piece,150,15,127.5,17,2167.5,Rajasthan Machinery Hub,Jaipur,Cash,Delivered
MM-ORD-1031,2025-08-25,Aug 2025,Q3 2025,2025,Remola Engine Oil 10W-30 1L,Remola,Engine Oil,Remola,litre,380,5,361.0,1,361.0,Pawan Motors,Gangapur City,Cash,Delivered
MM-ORD-1032,2024-03-10,Mar 2024,Q1 2024,2024,Remola Engine Oil 10W-30 1L,Remola,Engine Oil,Remola,litre,380,5,361.0,2,722.0,Tiger Motors,Sawai Madhopur,Cash,Delivered
MM-ORD-1033,2025-11-16,Nov 2025,Q4 2025,2025,Remola Engine Oil 10W-30 1L,Remola,Engine Oil,Remola,litre,380,8,349.6,8,2796.8,Capital Tools,Jaipur,UPI,Delivered
MM-ORD-1034,2024-09-05,Sep 2024,Q3 2024,2024,Hydraulic Seal Kit,OEM,Tractor Parts,OEM,piece,450,15,382.5,19,7267.5,Shiv Automobile,Gangapur City,UPI,Shipped
MM-ORD-1035,2024-12-28,Dec 2024,Q4 2024,2024,Veedol Engine Oil 1L,Veedol,Engine Oil,Veedol,litre,370,12,325.6,4,1302.4,Goyal Motors,Gangapur City,UPI,Shipped
MM-ORD-1036,2024-03-03,Mar 2024,Q1 2024,2024,Air Filter Mahindra 265,OEM,Tractor Parts,OEM,piece,280,0,280.0,2,560.0,SM Auto Parts,Sawai Madhopur,UPI,Cancelled
MM-ORD-1037,2024-07-15,Jul 2024,Q3 2024,2024,Capacitor 25uF,Havells,Motor Parts,Havells,piece,120,5,114.0,4,456.0,Ranthambore Machinery,Sawai Madhopur,Cash,Processing
MM-ORD-1038,2024-10-12,Oct 2024,Q4 2024,2024,Air Filter Mahindra 265,OEM,Tractor Parts,OEM,piece,280,0,280.0,14,3920.0,Shiv Automobile,Gangapur City,UPI,Delivered
MM-ORD-1039,2024-02-21,Feb 2024,Q1 2024,2024,Remola Engine Oil 10W-30 1L,Remola,Engine Oil,Remola,litre,380,0,380.0,18,6840.0,Rajasthan Machinery Hub,Jaipur,Bank Transfer,Processing
MM-ORD-1040,2025-02-20,Feb 2025,Q1 2025,2025,Castrol Engine Oil 10W-30 1L,Castrol,Engine Oil,Castrol,litre,420,0,420.0,8,3360.0,Goyal Motors,Gangapur City,UPI,Shipped
MM-ORD-1041,2024-06-17,Jun 2024,Q2 2024,2024,Veedol Engine Oil 1L,Veedol,Engine Oil,Veedol,litre,370,0,370.0,13,4810.0,SM Auto Parts,Sawai Madhopur,UPI,Delivered
MM-ORD-1042,2025-03-09,Mar 2025,Q1 2025,2025,Motor Shaft 1 inch,Local,Motor Parts,Local,piece,350,8,322.0,15,4830.0,Agarwal Machinery,Gangapur City,Bank Transfer,Cancelled
MM-ORD-1043,2024-07-13,Jul 2024,Q3 2024,2024,Hydraulic Seal Kit,OEM,Tractor Parts,OEM,piece,450,0,450.0,16,7200.0,Rajputana Machinery Co.,Jaipur,UPI,Delivered
MM-ORD-1044,2026-02-04,Feb 2026,Q1 2026,2026,Castrol Gear Oil EP-90 5L,Castrol,Gear Oil,Castrol,litre,1180,0,1180.0,18,21240.0,Pink City Motors,Jaipur,UPI,Delivered
MM-ORD-1045,2024-02-28,Feb 2024,Q1 2024,2024,Castrol Gear Oil EP-90 5L,Castrol,Gear Oil,Castrol,litre,1180,0,1180.0,16,18880.0,Pink City Motors,Jaipur,Bank Transfer,Delivered
MM-ORD-1046,2025-11-22,Nov 2025,Q4 2025,2025,Gulf Gear Oil EP-90 5L,Gulf,Gear Oil,Gulf,litre,1100,0,1100.0,20,22000.0,Goyal Motors,Gangapur City,Cash,Shipped
MM-ORD-1047,2025-08-15,Aug 2025,Q3 2025,2025,Total Engine Oil 10W-30 1L,Total,Engine Oil,Total,litre,410,5,389.5,19,7400.5,Rajdhani Machinery,Sawai Madhopur,Bank Transfer,Delivered
MM-ORD-1048,2024-09-24,Sep 2024,Q3 2024,2024,Fuel Filter Universal,OEM,Tractor Parts,OEM,piece,120,10,108.0,14,1512.0,Goyal Motors,Gangapur City,Cash,Cancelled
MM-ORD-1049,2024-05-14,May 2024,Q2 2024,2024,Capacitor 25uF,Havells,Motor Parts,Havells,piece,120,12,105.6,9,950.4,Kalyan Machinery Parts,Gangapur City,Bank Transfer,Cancelled
MM-ORD-1050,2024-01-10,Jan 2024,Q1 2024,2024,Bearing 6206,FAG,Motor Parts,FAG,piece,95,0,95.0,11,1045.0,Rajasthan Machinery Hub,Jaipur,UPI,Processing
MM-ORD-1051,2025-06-02,Jun 2025,Q2 2025,2025,PTO Shaft,OEM,Tractor Parts,OEM,piece,2200,5,2090.0,3,6270.0,Goyal Motors,Gangapur City,UPI,Delivered
MM-ORD-1052,2025-01-13,Jan 2025,Q1 2025,2025,Capacitor 40uF,Havells,Motor Parts,Havells,piece,150,5,142.5,3,427.5,Rajdhani Machinery,Sawai Madhopur,UPI,Delivered
MM-ORD-1053,2025-09-18,Sep 2025,Q3 2025,2025,Air Filter Mahindra 265,OEM,Tractor Parts,OEM,piece,280,8,257.6,18,4636.8,SM Auto Parts,Sawai Madhopur,Bank Transfer,Processing
MM-ORD-1054,2025-11-10,Nov 2025,Q4 2025,2025,Castrol Engine Oil 10W-30 1L,Castrol,Engine Oil,Castrol,litre,420,8,386.4,18,6955.2,Rajputana Machinery Co.,Jaipur,Cash,Delivered
MM-ORD-1055,2024-10-05,Oct 2024,Q4 2024,2024,Bearing 6205,SKF,Motor Parts,SKF,piece,85,0,85.0,4,340.0,Goyal Motors,Gangapur City,UPI,Processing
MM-ORD-1056,2025-12-04,Dec 2025,Q4 2025,2025,Veedol Engine Oil 1L,Veedol,Engine Oil,Veedol,litre,370,5,351.5,11,3866.5,Tiger Motors,Sawai Madhopur,Bank Transfer,Delivered
MM-ORD-1057,2024-04-04,Apr 2024,Q2 2024,2024,Clutch Plate John Deere,OEM,Tractor Parts,OEM,piece,1200,0,1200.0,9,10800.0,Rajasthan Machinery Hub,Jaipur,Bank Transfer,Shipped
MM-ORD-1058,2026-02-28,Feb 2026,Q1 2026,2026,Bearing 6205,SKF,Motor Parts,SKF,piece,85,10,76.5,1,76.5,Khandelwal Shops,Gangapur City,Cash,Cancelled
MM-ORD-1059,2025-07-28,Jul 2025,Q3 2025,2025,Bearing 6205,SKF,Motor Parts,SKF,piece,85,12,74.8,15,1122.0,Shiv Automobile,Gangapur City,Cash,Delivered
MM-ORD-1060,2026-05-04,May 2026,Q2 2026,2026,Remola Engine Oil 10W-30 1L,Remola,Engine Oil,Remola,litre,380,0,380.0,5,1900.0,Rajdhani Machinery,Sawai Madhopur,UPI,Processing
MM-ORD-1061,2024-02-12,Feb 2024,Q1 2024,2024,Hydraulic Seal Kit,OEM,Tractor Parts,OEM,piece,450,0,450.0,14,6300.0,Shiv Automobile,Gangapur City,UPI,Delivered
MM-ORD-1062,2025-11-29,Nov 2025,Q4 2025,2025,Castrol Gear Oil EP-90 5L,Castrol,Gear Oil,Castrol,litre,1180,5,1121.0,12,13452.0,Rajdhani Machinery,Sawai Madhopur,Cash,Cancelled
MM-ORD-1063,2025-09-27,Sep 2025,Q3 2025,2025,Total Engine Oil 10W-30 1L,Total,Engine Oil,Total,litre,410,12,360.8,18,6494.4,Pawan Motors,Gangapur City,Bank Transfer,Delivered
MM-ORD-1064,2025-02-26,Feb 2025,Q1 2025,2025,Turbo Engine Oil 1L,Turbo,Engine Oil,Turbo,litre,360,0,360.0,6,2160.0,SM Auto Parts,Sawai Madhopur,Cash,Delivered
MM-ORD-1065,2024-09-30,Sep 2024,Q3 2024,2024,Capacitor 25uF,Havells,Motor Parts,Havells,piece,120,5,114.0,14,1596.0,Ranthambore Machinery,Sawai Madhopur,Cash,Cancelled
MM-ORD-1066,2024-08-15,Aug 2024,Q3 2024,2024,Total Engine Oil 10W-30 1L,Total,Engine Oil,Total,litre,410,15,348.5,2,697.0,Jaipur Auto Parts,Jaipur,Cash,Shipped
MM-ORD-1067,2024-01-25,Jan 2024,Q1 2024,2024,Capacitor 40uF,Havells,Motor Parts,Havells,piece,150,5,142.5,8,1140.0,Agarwal Machinery,Gangapur City,Bank Transfer,Delivered
MM-ORD-1068,2026-03-02,Mar 2026,Q1 2026,2026,Motor Shaft 1 inch,Local,Motor Parts,Local,piece,350,0,350.0,9,3150.0,Pawan Motors,Gangapur City,UPI,Delivered
MM-ORD-1069,2024-01-29,Jan 2024,Q1 2024,2024,Clutch Plate John Deere,OEM,Tractor Parts,OEM,piece,1200,10,1080.0,18,19440.0,Jaipur Auto Parts,Jaipur,Cash,Delivered
MM-ORD-1070,2024-04-21,Apr 2024,Q2 2024,2024,Gulf Gear Oil EP-90 5L,Gulf,Gear Oil,Gulf,litre,1100,0,1100.0,9,9900.0,Pink City Motors,Jaipur,Bank Transfer,Shipped
MM-ORD-1071,2025-09-12,Sep 2025,Q3 2025,2025,Capacitor 40uF,Havells,Motor Parts,Havells,piece,150,12,132.0,11,1452.0,Tiger Motors,Sawai Madhopur,Bank Transfer,Delivered
MM-ORD-1072,2024-09-17,Sep 2024,Q3 2024,2024,Motor Shaft 1 inch,Local,Motor Parts,Local,piece,350,5,332.5,19,6317.5,Rajdhani Machinery,Sawai Madhopur,Cash,Cancelled
MM-ORD-1073,2025-01-07,Jan 2025,Q1 2025,2025,Winding Wire 20 SWG,Finolex,Motor Parts,Finolex,piece,450,5,427.5,17,7267.5,Khandelwal Shops,Gangapur City,UPI,Delivered
MM-ORD-1074,2026-01-07,Jan 2026,Q1 2026,2026,Capacitor 25uF,Havells,Motor Parts,Havells,piece,120,0,120.0,11,1320.0,Pink City Motors,Jaipur,UPI,Processing
MM-ORD-1075,2025-02-16,Feb 2025,Q1 2025,2025,Bearing 6206,FAG,Motor Parts,FAG,piece,95,10,85.5,14,1197.0,Rajputana Machinery Co.,Jaipur,Bank Transfer,Delivered
MM-ORD-1076,2025-11-11,Nov 2025,Q4 2025,2025,Hydraulic Seal Kit,OEM,Tractor Parts,OEM,piece,450,12,396.0,7,2772.0,Shiv Automobile,Gangapur City,UPI,Cancelled
MM-ORD-1077,2025-02-19,Feb 2025,Q1 2025,2025,Gulf Gear Oil EP-90 5L,Gulf,Gear Oil,Gulf,litre,1100,8,1012.0,19,19228.0,Pink City Motors,Jaipur,Bank Transfer,Delivered
MM-ORD-1078,2026-03-15,Mar 2026,Q1 2026,2026,Bearing 6206,FAG,Motor Parts,FAG,piece,95,12,83.6,7,585.2,Agarwal Machinery,Gangapur City,Bank Transfer,Processing
MM-ORD-1079,2025-11-22,Nov 2025,Q4 2025,2025,Capacitor 25uF,Havells,Motor Parts,Havells,piece,120,15,102.0,15,1530.0,Rajasthan Machinery Hub,Jaipur,Cash,Processing
MM-ORD-1080,2024-10-17,Oct 2024,Q4 2024,2024,Oil Filter Swaraj 855,OEM,Tractor Parts,OEM,piece,180,0,180.0,6,1080.0,Ranthambore Machinery,Sawai Madhopur,Bank Transfer,Cancelled
MM-ORD-1081,2025-11-19,Nov 2025,Q4 2025,2025,Fuel Filter Universal,OEM,Tractor Parts,OEM,piece,120,5,114.0,3,342.0,Pawan Motors,Gangapur City,UPI,Delivered
MM-ORD-1082,2024-09-07,Sep 2024,Q3 2024,2024,Veedol Engine Oil 1L,Veedol,Engine Oil,Veedol,litre,370,0,370.0,1,370.0,Shiv Automobile,Gangapur City,UPI,Processing
MM-ORD-1083,2026-01-05,Jan 2026,Q1 2026,2026,Remola Engine Oil 10W-30 1L,Remola,Engine Oil,Remola,litre,380,5,361.0,14,5054.0,Rajasthan Machinery Hub,Jaipur,Bank Transfer,Shipped
MM-ORD-1084,2025-11-02,Nov 2025,Q4 2025,2025,Oil Filter Swaraj 855,OEM,Tractor Parts,OEM,piece,180,0,180.0,8,1440.0,Jaipur Auto Parts,Jaipur,Bank Transfer,Delivered
MM-ORD-1085,2024-06-29,Jun 2024,Q2 2024,2024,Total Engine Oil 10W-30 1L,Total,Engine Oil,Total,litre,410,5,389.5,14,5453.0,Ranthambore Machinery,Sawai Madhopur,Bank Transfer,Processing
MM-ORD-1086,2026-05-18,May 2026,Q2 2026,2026,Air Filter Mahindra 265,OEM,Tractor Parts,OEM,piece,280,5,266.0,18,4788.0,Khandelwal Shops,Gangapur City,Cash,Shipped
MM-ORD-1087,2026-02-12,Feb 2026,Q1 2026,2026,HP Engine Oil 10W-30 1L,HP,Engine Oil,HP,litre,390,10,351.0,15,5265.0,Ranthambore Machinery,Sawai Madhopur,UPI,Processing
MM-ORD-1088,2024-06-11,Jun 2024,Q2 2024,2024,Clutch Plate John Deere,OEM,Tractor Parts,OEM,piece,1200,15,1020.0,18,18360.0,Jaipur Auto Parts,Jaipur,Bank Transfer,Shipped
MM-ORD-1089,2026-02-23,Feb 2026,Q1 2026,2026,Air Filter Mahindra 265,OEM,Tractor Parts,OEM,piece,280,8,257.6,8,2060.8,Agarwal Machinery,Gangapur City,Bank Transfer,Shipped
MM-ORD-1090,2025-12-31,Dec 2025,Q4 2025,2025,Turbo Engine Oil 1L,Turbo,Engine Oil,Turbo,litre,360,0,360.0,15,5400.0,Agarwal Machinery,Gangapur City,UPI,Delivered
MM-ORD-1091,2024-05-21,May 2024,Q2 2024,2024,Bearing 6205,SKF,Motor Parts,SKF,piece,85,0,85.0,11,935.0,Pawan Motors,Gangapur City,Cash,Delivered
MM-ORD-1092,2024-03-06,Mar 2024,Q1 2024,2024,Motor Shaft 1 inch,Local,Motor Parts,Local,piece,350,5,332.5,5,1662.5,Tiger Motors,Sawai Madhopur,UPI,Shipped
MM-ORD-1093,2024-03-04,Mar 2024,Q1 2024,2024,Capacitor 25uF,Havells,Motor Parts,Havells,piece,120,12,105.6,15,1584.0,Capital Tools,Jaipur,Cash,Shipped
MM-ORD-1094,2026-05-27,May 2026,Q2 2026,2026,Motor Shaft 1 inch,Local,Motor Parts,Local,piece,350,0,350.0,19,6650.0,Rajdhani Machinery,Sawai Madhopur,Bank Transfer,Shipped
MM-ORD-1095,2026-02-10,Feb 2026,Q1 2026,2026,Oil Filter Swaraj 855,OEM,Tractor Parts,OEM,piece,180,8,165.6,12,1987.2,Khandelwal Shops,Gangapur City,UPI,Shipped
MM-ORD-1096,2025-05-14,May 2025,Q2 2025,2025,Hydraulic Seal Kit,OEM,Tractor Parts,OEM,piece,450,5,427.5,18,7695.0,Tiger Motors,Sawai Madhopur,Cash,Delivered
MM-ORD-1097,2024-12-10,Dec 2024,Q4 2024,2024,Winding Wire 20 SWG,Finolex,Motor Parts,Finolex,piece,450,12,396.0,1,396.0,Rajasthan Machinery Hub,Jaipur,Bank Transfer,Cancelled
MM-ORD-1098,2024-05-10,May 2024,Q2 2024,2024,Motor Shaft 1 inch,Local,Motor Parts,Local,piece,350,15,297.5,6,1785.0,Tiger Motors,Sawai Madhopur,Bank Transfer,Processing
MM-ORD-1099,2024-03-26,Mar 2024,Q1 2024,2024,Castrol Engine Oil 10W-30 1L,Castrol,Engine Oil,Castrol,litre,420,0,420.0,13,5460.0,Rajdhani Machinery,Sawai Madhopur,Bank Transfer,Shipped
MM-ORD-1100,2024-02-21,Feb 2024,Q1 2024,2024,HP Engine Oil 10W-30 1L,HP,Engine Oil,HP,litre,390,0,390.0,15,5850.0,SM Auto Parts,Sawai Madhopur,UPI,Shipped
MM-ORD-1101,2024-12-11,Dec 2024,Q4 2024,2024,Capacitor 25uF,Havells,Motor Parts,Havells,piece,120,10,108.0,15,1620.0,Kalyan Machinery Parts,Gangapur City,UPI,Delivered
MM-ORD-1102,2024-01-20,Jan 2024,Q1 2024,2024,Winding Wire 20 SWG,Finolex,Motor Parts,Finolex,piece,450,15,382.5,3,1147.5,Agarwal Machinery,Gangapur City,Bank Transfer,Processing
MM-ORD-1103,2026-03-10,Mar 2026,Q1 2026,2026,Castrol Gear Oil EP-90 5L,Castrol,Gear Oil,Castrol,litre,1180,0,1180.0,8,9440.0,Pawan Motors,Gangapur City,Bank Transfer,Delivered
MM-ORD-1104,2025-09-28,Sep 2025,Q3 2025,2025,Castrol Engine Oil 10W-30 1L,Castrol,Engine Oil,Castrol,litre,420,0,420.0,7,2940.0,Kalyan Machinery Parts,Gangapur City,Cash,Delivered
MM-ORD-1105,2025-04-21,Apr 2025,Q2 2025,2025,HP Engine Oil 10W-30 1L,HP,Engine Oil,HP,litre,390,5,370.5,4,1482.0,Rajasthan Machinery Hub,Jaipur,Bank Transfer,Delivered
MM-ORD-1106,2026-03-07,Mar 2026,Q1 2026,2026,Capacitor 40uF,Havells,Motor Parts,Havells,piece,150,0,150.0,20,3000.0,Shiv Automobile,Gangapur City,Cash,Delivered
MM-ORD-1107,2025-08-12,Aug 2025,Q3 2025,2025,Total Engine Oil 10W-30 1L,Total,Engine Oil,Total,litre,410,8,377.2,1,377.2,Pink City Motors,Jaipur,Bank Transfer,Shipped
MM-ORD-1108,2025-08-29,Aug 2025,Q3 2025,2025,Motor Shaft 1 inch,Local,Motor Parts,Local,piece,350,0,350.0,7,2450.0,Tiger Motors,Sawai Madhopur,Bank Transfer,Cancelled
MM-ORD-1109,2026-03-26,Mar 2026,Q1 2026,2026,Turbo Engine Oil 1L,Turbo,Engine Oil,Turbo,litre,360,0,360.0,10,3600.0,Goyal Motors,Gangapur City,Bank Transfer,Delivered
MM-ORD-1110,2024-03-11,Mar 2024,Q1 2024,2024,Capacitor 40uF,Havells,Motor Parts,Havells,piece,150,10,135.0,14,1890.0,Capital Tools,Jaipur,Bank Transfer,Cancelled
MM-ORD-1111,2024-04-18,Apr 2024,Q2 2024,2024,Capacitor 25uF,Havells,Motor Parts,Havells,piece,120,15,102.0,14,1428.0,Khandelwal Shops,Gangapur City,UPI,Delivered
MM-ORD-1112,2024-06-29,Jun 2024,Q2 2024,2024,Air Filter Mahindra 265,OEM,Tractor Parts,OEM,piece,280,12,246.4,5,1232.0,Tiger Motors,Sawai Madhopur,Bank Transfer,Processing
MM-ORD-1113,2025-04-21,Apr 2025,Q2 2025,2025,Bearing 6205,SKF,Motor Parts,SKF,piece,85,15,72.25,18,1300.5,Pink City Motors,Jaipur,UPI,Cancelled
MM-ORD-1114,2026-04-30,Apr 2026,Q2 2026,2026,PTO Shaft,OEM,Tractor Parts,OEM,piece,2200,5,2090.0,11,22990.0,Agarwal Machinery,Gangapur City,Cash,Delivered
MM-ORD-1115,2024-12-10,Dec 2024,Q4 2024,2024,Air Filter Mahindra 265,OEM,Tractor Parts,OEM,piece,280,12,246.4,15,3696.0,Kalyan Machinery Parts,Gangapur City,Cash,Shipped
MM-ORD-1116,2024-12-29,Dec 2024,Q4 2024,2024,Capacitor 25uF,Havells,Motor Parts,Havells,piece,120,5,114.0,16,1824.0,Shiv Automobile,Gangapur City,UPI,Delivered
MM-ORD-1117,2025-07-23,Jul 2025,Q3 2025,2025,Bearing 6205,SKF,Motor Parts,SKF,piece,85,8,78.2,20,1564.0,Rajdhani Machinery,Sawai Madhopur,Cash,Processing
MM-ORD-1118,2025-05-15,May 2025,Q2 2025,2025,Veedol Engine Oil 1L,Veedol,Engine Oil,Veedol,litre,370,12,325.6,8,2604.8,Goyal Motors,Gangapur City,Bank Transfer,Delivered
MM-ORD-1119,2026-03-22,Mar 2026,Q1 2026,2026,Oil Filter Swaraj 855,OEM,Tractor Parts,OEM,piece,180,15,153.0,16,2448.0,Rajputana Machinery Co.,Jaipur,Cash,Delivered
MM-ORD-1120,2024-11-09,Nov 2024,Q4 2024,2024,Bearing 6206,FAG,Motor Parts,FAG,piece,95,5,90.25,13,1173.25,Kalyan Machinery Parts,Gangapur City,Bank Transfer,Processing
MM-ORD-1121,2025-03-11,Mar 2025,Q1 2025,2025,Capacitor 40uF,Havells,Motor Parts,Havells,piece,150,10,135.0,18,2430.0,Rajasthan Machinery Hub,Jaipur,Bank Transfer,Processing
MM-ORD-1122,2024-11-09,Nov 2024,Q4 2024,2024,Capacitor 25uF,Havells,Motor Parts,Havells,piece,120,8,110.4,15,1656.0,Pawan Motors,Gangapur City,UPI,Delivered
MM-ORD-1123,2024-05-02,May 2024,Q2 2024,2024,Total Engine Oil 10W-30 1L,Total,Engine Oil,Total,litre,410,10,369.0,7,2583.0,Tiger Motors,Sawai Madhopur,Bank Transfer,Processing
MM-ORD-1124,2024-10-10,Oct 2024,Q4 2024,2024,Gulf Gear Oil EP-90 5L,Gulf,Gear Oil,Gulf,litre,1100,15,935.0,7,6545.0,Kalyan Machinery Parts,Gangapur City,Bank Transfer,Processing
MM-ORD-1125,2026-05-02,May 2026,Q2 2026,2026,Clutch Plate John Deere,OEM,Tractor Parts,OEM,piece,1200,0,1200.0,10,12000.0,Pink City Motors,Jaipur,Cash,Delivered
MM-ORD-1126,2024-01-15,Jan 2024,Q1 2024,2024,Turbo Engine Oil 1L,Turbo,Engine Oil,Turbo,litre,360,8,331.2,6,1987.2,Pawan Motors,Gangapur City,Bank Transfer,Processing
MM-ORD-1127,2025-07-20,Jul 2025,Q3 2025,2025,HP Engine Oil 10W-30 1L,HP,Engine Oil,HP,litre,390,0,390.0,2,780.0,Agarwal Machinery,Gangapur City,UPI,Cancelled
MM-ORD-1128,2024-01-13,Jan 2024,Q1 2024,2024,HP Engine Oil 10W-30 1L,HP,Engine Oil,HP,litre,390,0,390.0,16,6240.0,Rajputana Machinery Co.,Jaipur,Bank Transfer,Delivered
MM-ORD-1129,2024-07-07,Jul 2024,Q3 2024,2024,Oil Filter Swaraj 855,OEM,Tractor Parts,OEM,piece,180,10,162.0,15,2430.0,Rajasthan Machinery Hub,Jaipur,Cash,Delivered
MM-ORD-1130,2025-05-18,May 2025,Q2 2025,2025,Oil Filter Swaraj 855,OEM,Tractor Parts,OEM,piece,180,12,158.4,3,475.2,Goyal Motors,Gangapur City,Cash,Processing
MM-ORD-1131,2024-03-28,Mar 2024,Q1 2024,2024,Castrol Gear Oil EP-90 5L,Castrol,Gear Oil,Castrol,litre,1180,8,1085.6,5,5428.0,Shiv Automobile,Gangapur City,Cash,Delivered
MM-ORD-1132,2026-03-05,Mar 2026,Q1 2026,2026,Hydraulic Seal Kit,OEM,Tractor Parts,OEM,piece,450,5,427.5,14,5985.0,Ranthambore Machinery,Sawai Madhopur,Bank Transfer,Shipped
MM-ORD-1133,2026-05-30,May 2026,Q2 2026,2026,Air Filter Mahindra 265,OEM,Tractor Parts,OEM,piece,280,8,257.6,15,3864.0,Rajdhani Machinery,Sawai Madhopur,Bank Transfer,Shipped
MM-ORD-1134,2025-09-16,Sep 2025,Q3 2025,2025,Bearing 6206,FAG,Motor Parts,FAG,piece,95,0,95.0,20,1900.0,Pink City Motors,Jaipur,Bank Transfer,Delivered
MM-ORD-1135,2025-11-07,Nov 2025,Q4 2025,2025,Veedol Engine Oil 1L,Veedol,Engine Oil,Veedol,litre,370,8,340.4,7,2382.8,Rajputana Machinery Co.,Jaipur,Cash,Delivered
MM-ORD-1136,2024-06-09,Jun 2024,Q2 2024,2024,Turbo Engine Oil 1L,Turbo,Engine Oil,Turbo,litre,360,0,360.0,18,6480.0,Shiv Automobile,Gangapur City,Cash,Shipped
MM-ORD-1137,2024-10-25,Oct 2024,Q4 2024,2024,Air Filter Mahindra 265,OEM,Tractor Parts,OEM,piece,280,15,238.0,20,4760.0,Tiger Motors,Sawai Madhopur,Cash,Delivered
MM-ORD-1138,2024-03-13,Mar 2024,Q1 2024,2024,Bearing 6206,FAG,Motor Parts,FAG,piece,95,15,80.75,10,807.5,Tiger Motors,Sawai Madhopur,Bank Transfer,Delivered
MM-ORD-1139,2025-03-11,Mar 2025,Q1 2025,2025,Bearing 6205,SKF,Motor Parts,SKF,piece,85,5,80.75,19,1534.25,Ranthambore Machinery,Sawai Madhopur,Cash,Processing
MM-ORD-1140,2026-04-26,Apr 2026,Q2 2026,2026,Turbo Engine Oil 1L,Turbo,Engine Oil,Turbo,litre,360,8,331.2,5,1656.0,Rajputana Machinery Co.,Jaipur,Cash,Delivered
MM-ORD-1141,2025-03-25,Mar 2025,Q1 2025,2025,Castrol Gear Oil EP-90 5L,Castrol,Gear Oil,Castrol,litre,1180,8,1085.6,10,10856.0,Shiv Automobile,Gangapur City,Cash,Shipped
MM-ORD-1142,2025-05-27,May 2025,Q2 2025,2025,Bearing 6206,FAG,Motor Parts,FAG,piece,95,8,87.4,13,1136.2,Tiger Motors,Sawai Madhopur,Bank Transfer,Shipped
MM-ORD-1143,2025-03-18,Mar 2025,Q1 2025,2025,Air Filter Mahindra 265,OEM,Tractor Parts,OEM,piece,280,0,280.0,20,5600.0,Goyal Motors,Gangapur City,Bank Transfer,Delivered
MM-ORD-1144,2024-08-22,Aug 2024,Q3 2024,2024,Fuel Filter Universal,OEM,Tractor Parts,OEM,piece,120,0,120.0,1,120.0,Agarwal Machinery,Gangapur City,Bank Transfer,Processing
MM-ORD-1145,2026-02-20,Feb 2026,Q1 2026,2026,PTO Shaft,OEM,Tractor Parts,OEM,piece,2200,0,2200.0,9,19800.0,Khandelwal Shops,Gangapur City,Cash,Shipped
MM-ORD-1146,2024-07-04,Jul 2024,Q3 2024,2024,Clutch Plate John Deere,OEM,Tractor Parts,OEM,piece,1200,8,1104.0,15,16560.0,Rajputana Machinery Co.,Jaipur,Bank Transfer,Shipped
MM-ORD-1147,2025-02-22,Feb 2025,Q1 2025,2025,Oil Filter Swaraj 855,OEM,Tractor Parts,OEM,piece,180,10,162.0,16,2592.0,Goyal Motors,Gangapur City,UPI,Delivered
MM-ORD-1148,2025-02-25,Feb 2025,Q1 2025,2025,Total Engine Oil 10W-30 1L,Total,Engine Oil,Total,litre,410,10,369.0,6,2214.0,SM Auto Parts,Sawai Madhopur,Bank Transfer,Shipped
MM-ORD-1149,2025-04-10,Apr 2025,Q2 2025,2025,Bearing 6206,FAG,Motor Parts,FAG,piece,95,0,95.0,13,1235.0,Rajputana Machinery Co.,Jaipur,Cash,Delivered
MM-ORD-1150,2025-06-10,Jun 2025,Q2 2025,2025,Bearing 6205,SKF,Motor Parts,SKF,piece,85,12,74.8,4,299.2,Pawan Motors,Gangapur City,Cash,Cancelled
MM-ORD-1151,2024-07-11,Jul 2024,Q3 2024,2024,Hydraulic Seal Kit,OEM,Tractor Parts,OEM,piece,450,0,450.0,14,6300.0,Rajasthan Machinery Hub,Jaipur,Bank Transfer,Delivered
MM-ORD-1152,2026-02-17,Feb 2026,Q1 2026,2026,Fuel Filter Universal,OEM,Tractor Parts,OEM,piece,120,15,102.0,16,1632.0,Ranthambore Machinery,Sawai Madhopur,Cash,Delivered
MM-ORD-1153,2025-03-24,Mar 2025,Q1 2025,2025,Bearing 6205,SKF,Motor Parts,SKF,piece,85,8,78.2,5,391.0,Capital Tools,Jaipur,Bank Transfer,Shipped
MM-ORD-1154,2025-12-27,Dec 2025,Q4 2025,2025,Total Engine Oil 10W-30 1L,Total,Engine Oil,Total,litre,410,5,389.5,20,7790.0,Khandelwal Shops,Gangapur City,Cash,Delivered
MM-ORD-1155,2024-04-05,Apr 2024,Q2 2024,2024,Hydraulic Seal Kit,OEM,Tractor Parts,OEM,piece,450,12,396.0,18,7128.0,Khandelwal Shops,Gangapur City,Cash,Delivered
MM-ORD-1156,2026-01-03,Jan 2026,Q1 2026,2026,Air Filter Mahindra 265,OEM,Tractor Parts,OEM,piece,280,15,238.0,5,1190.0,Goyal Motors,Gangapur City,UPI,Processing
MM-ORD-1157,2024-09-06,Sep 2024,Q3 2024,2024,Bearing 6205,SKF,Motor Parts,SKF,piece,85,15,72.25,16,1156.0,Jaipur Auto Parts,Jaipur,UPI,Processing
MM-ORD-1158,2024-03-12,Mar 2024,Q1 2024,2024,HP Engine Oil 10W-30 1L,HP,Engine Oil,HP,litre,390,0,390.0,7,2730.0,Jaipur Auto Parts,Jaipur,UPI,Shipped
MM-ORD-1159,2026-04-20,Apr 2026,Q2 2026,2026,Capacitor 25uF,Havells,Motor Parts,Havells,piece,120,8,110.4,17,1876.8,Rajdhani Machinery,Sawai Madhopur,Cash,Delivered
MM-ORD-1160,2024-06-01,Jun 2024,Q2 2024,2024,Bearing 6206,FAG,Motor Parts,FAG,piece,95,15,80.75,19,1534.25,SM Auto Parts,Sawai Madhopur,UPI,Processing
MM-ORD-1161,2025-04-11,Apr 2025,Q2 2025,2025,Oil Filter Swaraj 855,OEM,Tractor Parts,OEM,piece,180,12,158.4,11,1742.4,Pawan Motors,Gangapur City,UPI,Delivered
MM-ORD-1162,2026-05-26,May 2026,Q2 2026,2026,Turbo Engine Oil 1L,Turbo,Engine Oil,Turbo,litre,360,5,342.0,13,4446.0,Pink City Motors,Jaipur,UPI,Delivered
MM-ORD-1163,2025-01-30,Jan 2025,Q1 2025,2025,Capacitor 25uF,Havells,Motor Parts,Havells,piece,120,12,105.6,16,1689.6,Tiger Motors,Sawai Madhopur,Bank Transfer,Cancelled
MM-ORD-1164,2025-05-29,May 2025,Q2 2025,2025,HP Engine Oil 10W-30 1L,HP,Engine Oil,HP,litre,390,0,390.0,2,780.0,Rajasthan Machinery Hub,Jaipur,Bank Transfer,Delivered
MM-ORD-1165,2025-06-22,Jun 2025,Q2 2025,2025,Total Engine Oil 10W-30 1L,Total,Engine Oil,Total,litre,410,0,410.0,15,6150.0,SM Auto Parts,Sawai Madhopur,UPI,Delivered
MM-ORD-1166,2025-04-25,Apr 2025,Q2 2025,2025,HP Engine Oil 10W-30 1L,HP,Engine Oil,HP,litre,390,0,390.0,5,1950.0,Jaipur Auto Parts,Jaipur,UPI,Delivered
MM-ORD-1167,2026-05-22,May 2026,Q2 2026,2026,Fuel Filter Universal,OEM,Tractor Parts,OEM,piece,120,0,120.0,13,1560.0,Tiger Motors,Sawai Madhopur,UPI,Cancelled
MM-ORD-1168,2025-07-08,Jul 2025,Q3 2025,2025,Hydraulic Seal Kit,OEM,Tractor Parts,OEM,piece,450,15,382.5,11,4207.5,Jaipur Auto Parts,Jaipur,Cash,Processing
MM-ORD-1169,2026-02-03,Feb 2026,Q1 2026,2026,Remola Engine Oil 10W-30 1L,Remola,Engine Oil,Remola,litre,380,5,361.0,10,3610.0,Kalyan Machinery Parts,Gangapur City,Cash,Shipped
MM-ORD-1170,2024-06-19,Jun 2024,Q2 2024,2024,Total Engine Oil 10W-30 1L,Total,Engine Oil,Total,litre,410,15,348.5,4,1394.0,Ranthambore Machinery,Sawai Madhopur,Bank Transfer,Delivered
MM-ORD-1171,2024-10-27,Oct 2024,Q4 2024,2024,Castrol Engine Oil 10W-30 1L,Castrol,Engine Oil,Castrol,litre,420,0,420.0,11,4620.0,Khandelwal Shops,Gangapur City,UPI,Delivered
MM-ORD-1172,2025-08-02,Aug 2025,Q3 2025,2025,Winding Wire 20 SWG,Finolex,Motor Parts,Finolex,piece,450,12,396.0,8,3168.0,Shiv Automobile,Gangapur City,Bank Transfer,Delivered
MM-ORD-1173,2025-09-26,Sep 2025,Q3 2025,2025,Gulf Gear Oil EP-90 5L,Gulf,Gear Oil,Gulf,litre,1100,12,968.0,3,2904.0,Shiv Automobile,Gangapur City,Bank Transfer,Delivered
MM-ORD-1174,2024-08-25,Aug 2024,Q3 2024,2024,Oil Filter Swaraj 855,OEM,Tractor Parts,OEM,piece,180,0,180.0,19,3420.0,Rajdhani Machinery,Sawai Madhopur,UPI,Cancelled
MM-ORD-1175,2026-04-03,Apr 2026,Q2 2026,2026,Bearing 6205,SKF,Motor Parts,SKF,piece,85,0,85.0,9,765.0,Rajasthan Machinery Hub,Jaipur,UPI,Delivered
MM-ORD-1176,2024-12-19,Dec 2024,Q4 2024,2024,Hydraulic Seal Kit,OEM,Tractor Parts,OEM,piece,450,15,382.5,3,1147.5,Shiv Automobile,Gangapur City,Bank Transfer,Delivered
MM-ORD-1177,2026-05-15,May 2026,Q2 2026,2026,Winding Wire 20 SWG,Finolex,Motor Parts,Finolex,piece,450,15,382.5,9,3442.5,Tiger Motors,Sawai Madhopur,UPI,Delivered
MM-ORD-1178,2024-08-30,Aug 2024,Q3 2024,2024,Motor Shaft 1 inch,Local,Motor Parts,Local,piece,350,0,350.0,16,5600.0,SM Auto Parts,Sawai Madhopur,UPI,Processing
MM-ORD-1179,2024-01-23,Jan 2024,Q1 2024,2024,Capacitor 40uF,Havells,Motor Parts,Havells,piece,150,8,138.0,10,1380.0,Pink City Motors,Jaipur,Bank Transfer,Shipped
MM-ORD-1180,2025-09-12,Sep 2025,Q3 2025,2025,Bearing 6205,SKF,Motor Parts,SKF,piece,85,0,85.0,19,1615.0,Khandelwal Shops,Gangapur City,Bank Transfer,Shipped
MM-ORD-1181,2024-08-12,Aug 2024,Q3 2024,2024,Bearing 6206,FAG,Motor Parts,FAG,piece,95,10,85.5,8,684.0,Ranthambore Machinery,Sawai Madhopur,Bank Transfer,Delivered
MM-ORD-1182,2025-10-04,Oct 2025,Q4 2025,2025,Fuel Filter Universal,OEM,Tractor Parts,OEM,piece,120,0,120.0,5,600.0,Agarwal Machinery,Gangapur City,Bank Transfer,Delivered
MM-ORD-1183,2025-08-16,Aug 2025,Q3 2025,2025,Bearing 6206,FAG,Motor Parts,FAG,piece,95,0,95.0,15,1425.0,Ranthambore Machinery,Sawai Madhopur,UPI,Cancelled
MM-ORD-1184,2026-02-04,Feb 2026,Q1 2026,2026,HP Engine Oil 10W-30 1L,HP,Engine Oil,HP,litre,390,10,351.0,10,3510.0,Goyal Motors,Gangapur City,UPI,Delivered
MM-ORD-1185,2025-06-27,Jun 2025,Q2 2025,2025,Veedol Engine Oil 1L,Veedol,Engine Oil,Veedol,litre,370,10,333.0,18,5994.0,Shiv Automobile,Gangapur City,Bank Transfer,Delivered
MM-ORD-1186,2026-02-03,Feb 2026,Q1 2026,2026,Gulf Gear Oil EP-90 5L,Gulf,Gear Oil,Gulf,litre,1100,8,1012.0,16,16192.0,Agarwal Machinery,Gangapur City,UPI,Delivered
MM-ORD-1187,2026-05-30,May 2026,Q2 2026,2026,Air Filter Mahindra 265,OEM,Tractor Parts,OEM,piece,280,5,266.0,5,1330.0,Goyal Motors,Gangapur City,Bank Transfer,Cancelled
MM-ORD-1188,2024-04-02,Apr 2024,Q2 2024,2024,Motor Shaft 1 inch,Local,Motor Parts,Local,piece,350,10,315.0,18,5670.0,SM Auto Parts,Sawai Madhopur,UPI,Delivered
MM-ORD-1189,2025-01-12,Jan 2025,Q1 2025,2025,Bearing 6205,SKF,Motor Parts,SKF,piece,85,15,72.25,4,289.0,Capital Tools,Jaipur,Bank Transfer,Cancelled
MM-ORD-1190,2024-04-20,Apr 2024,Q2 2024,2024,Bearing 6205,SKF,Motor Parts,SKF,piece,85,10,76.5,13,994.5,Pink City Motors,Jaipur,Bank Transfer,Delivered
MM-ORD-1191,2025-09-16,Sep 2025,Q3 2025,2025,Oil Filter Swaraj 855,OEM,Tractor Parts,OEM,piece,180,10,162.0,20,3240.0,Khandelwal Shops,Gangapur City,Cash,Cancelled
MM-ORD-1192,2025-10-26,Oct 2025,Q4 2025,2025,Remola Engine Oil 10W-30 1L,Remola,Engine Oil,Remola,litre,380,8,349.6,15,5244.0,Rajputana Machinery Co.,Jaipur,UPI,Delivered
MM-ORD-1193,2025-05-19,May 2025,Q2 2025,2025,HP Engine Oil 10W-30 1L,HP,Engine Oil,HP,litre,390,8,358.8,2,717.6,Khandelwal Shops,Gangapur City,Cash,Delivered
MM-ORD-1194,2025-02-01,Feb 2025,Q1 2025,2025,Turbo Engine Oil 1L,Turbo,Engine Oil,Turbo,litre,360,0,360.0,18,6480.0,Rajdhani Machinery,Sawai Madhopur,UPI,Delivered
MM-ORD-1195,2025-02-28,Feb 2025,Q1 2025,2025,Hydraulic Seal Kit,OEM,Tractor Parts,OEM,piece,450,0,450.0,19,8550.0,Jaipur Auto Parts,Jaipur,Bank Transfer,Delivered
MM-ORD-1196,2024-02-03,Feb 2024,Q1 2024,2024,Oil Filter Swaraj 855,OEM,Tractor Parts,OEM,piece,180,8,165.6,14,2318.4,Pink City Motors,Jaipur,Bank Transfer,Delivered
MM-ORD-1197,2026-05-25,May 2026,Q2 2026,2026,Veedol Engine Oil 1L,Veedol,Engine Oil,Veedol,litre,370,5,351.5,15,5272.5,Rajasthan Machinery Hub,Jaipur,UPI,Delivered
MM-ORD-1198,2025-02-11,Feb 2025,Q1 2025,2025,Capacitor 40uF,Havells,Motor Parts,Havells,piece,150,0,150.0,12,1800.0,Capital Tools,Jaipur,UPI,Delivered
MM-ORD-1199,2025-11-09,Nov 2025,Q4 2025,2025,Total Engine Oil 10W-30 1L,Total,Engine Oil,Total,litre,410,0,410.0,15,6150.0,SM Auto Parts,Sawai Madhopur,Cash,Cancelled
MM-ORD-1200,2024-09-06,Sep 2024,Q3 2024,2024,Fuel Filter Universal,OEM,Tractor Parts,OEM,piece,120,10,108.0,2,216.0,Khandelwal Shops,Gangapur City,Cash,Processing
MM-ORD-1201,2025-08-23,Aug 2025,Q3 2025,2025,Veedol Engine Oil 1L,Veedol,Engine Oil,Veedol,litre,370,5,351.5,18,6327.0,Goyal Motors,Gangapur City,Cash,Delivered
MM-ORD-1202,2024-10-10,Oct 2024,Q4 2024,2024,Capacitor 25uF,Havells,Motor Parts,Havells,piece,120,0,120.0,5,600.0,Ranthambore Machinery,Sawai Madhopur,Cash,Delivered
MM-ORD-1203,2025-11-07,Nov 2025,Q4 2025,2025,Hydraulic Seal Kit,OEM,Tractor Parts,OEM,piece,450,0,450.0,6,2700.0,Agarwal Machinery,Gangapur City,Cash,Delivered
MM-ORD-1204,2024-01-17,Jan 2024,Q1 2024,2024,Castrol Engine Oil 10W-30 1L,Castrol,Engine Oil,Castrol,litre,420,10,378.0,8,3024.0,Pawan Motors,Gangapur City,Cash,Delivered
MM-ORD-1205,2026-02-02,Feb 2026,Q1 2026,2026,Castrol Gear Oil EP-90 5L,Castrol,Gear Oil,Castrol,litre,1180,0,1180.0,14,16520.0,Shiv Automobile,Gangapur City,Cash,Shipped
MM-ORD-1206,2025-04-07,Apr 2025,Q2 2025,2025,Air Filter Mahindra 265,OEM,Tractor Parts,OEM,piece,280,0,280.0,12,3360.0,Ranthambore Machinery,Sawai Madhopur,Bank Transfer,Delivered
MM-ORD-1207,2025-04-14,Apr 2025,Q2 2025,2025,Fuel Filter Universal,OEM,Tractor Parts,OEM,piece,120,8,110.4,17,1876.8,Khandelwal Shops,Gangapur City,Bank Transfer,Delivered
MM-ORD-1208,2025-12-03,Dec 2025,Q4 2025,2025,Castrol Gear Oil EP-90 5L,Castrol,Gear Oil,Castrol,litre,1180,12,1038.4,13,13499.2,Rajasthan Machinery Hub,Jaipur,Cash,Shipped
MM-ORD-1209,2025-09-14,Sep 2025,Q3 2025,2025,Air Filter Mahindra 265,OEM,Tractor Parts,OEM,piece,280,10,252.0,3,756.0,Goyal Motors,Gangapur City,Cash,Delivered
MM-ORD-1210,2025-01-25,Jan 2025,Q1 2025,2025,HP Engine Oil 10W-30 1L,HP,Engine Oil,HP,litre,390,10,351.0,20,7020.0,Agarwal Machinery,Gangapur City,Bank Transfer,Processing
MM-ORD-1211,2024-04-11,Apr 2024,Q2 2024,2024,Bearing 6206,FAG,Motor Parts,FAG,piece,95,12,83.6,17,1421.2,Rajasthan Machinery Hub,Jaipur,Bank Transfer,Delivered
MM-ORD-1212,2025-04-07,Apr 2025,Q2 2025,2025,Hydraulic Seal Kit,OEM,Tractor Parts,OEM,piece,450,12,396.0,7,2772.0,Tiger Motors,Sawai Madhopur,Cash,Shipped
MM-ORD-1213,2025-03-01,Mar 2025,Q1 2025,2025,Capacitor 25uF,Havells,Motor Parts,Havells,piece,120,12,105.6,15,1584.0,SM Auto Parts,Sawai Madhopur,Bank Transfer,Delivered
MM-ORD-1214,2025-01-18,Jan 2025,Q1 2025,2025,Capacitor 25uF,Havells,Motor Parts,Havells,piece,120,8,110.4,11,1214.4,Jaipur Auto Parts,Jaipur,Cash,Cancelled
MM-ORD-1215,2024-04-05,Apr 2024,Q2 2024,2024,Oil Filter Swaraj 855,OEM,Tractor Parts,OEM,piece,180,0,180.0,3,540.0,Goyal Motors,Gangapur City,UPI,Delivered
MM-ORD-1216,2025-08-23,Aug 2025,Q3 2025,2025,Capacitor 40uF,Havells,Motor Parts,Havells,piece,150,0,150.0,5,750.0,Ranthambore Machinery,Sawai Madhopur,Bank Transfer,Processing
MM-ORD-1217,2024-12-28,Dec 2024,Q4 2024,2024,Capacitor 25uF,Havells,Motor Parts,Havells,piece,120,12,105.6,4,422.4,Rajputana Machinery Co.,Jaipur,Bank Transfer,Shipped
MM-ORD-1218,2024-12-26,Dec 2024,Q4 2024,2024,Castrol Gear Oil EP-90 5L,Castrol,Gear Oil,Castrol,litre,1180,8,1085.6,20,21712.0,Agarwal Machinery,Gangapur City,Cash,Processing
MM-ORD-1219,2024-08-17,Aug 2024,Q3 2024,2024,Clutch Plate John Deere,OEM,Tractor Parts,OEM,piece,1200,15,1020.0,5,5100.0,Kalyan Machinery Parts,Gangapur City,Cash,Delivered
MM-ORD-1220,2025-08-10,Aug 2025,Q3 2025,2025,Hydraulic Seal Kit,OEM,Tractor Parts,OEM,piece,450,8,414.0,4,1656.0,Pawan Motors,Gangapur City,Cash,Shipped
MM-ORD-1221,2025-09-15,Sep 2025,Q3 2025,2025,Hydraulic Seal Kit,OEM,Tractor Parts,OEM,piece,450,0,450.0,20,9000.0,Ranthambore Machinery,Sawai Madhopur,Bank Transfer,Cancelled
MM-ORD-1222,2025-12-20,Dec 2025,Q4 2025,2025,Bearing 6205,SKF,Motor Parts,SKF,piece,85,8,78.2,6,469.2,Khandelwal Shops,Gangapur City,UPI,Delivered
MM-ORD-1223,2025-08-02,Aug 2025,Q3 2025,2025,Capacitor 40uF,Havells,Motor Parts,Havells,piece,150,0,150.0,6,900.0,Khandelwal Shops,Gangapur City,Bank Transfer,Shipped
MM-ORD-1224,2026-02-03,Feb 2026,Q1 2026,2026,Remola Engine Oil 10W-30 1L,Remola,Engine Oil,Remola,litre,380,0,380.0,1,380.0,Shiv Automobile,Gangapur City,Bank Transfer,Delivered
MM-ORD-1225,2024-06-10,Jun 2024,Q2 2024,2024,Motor Shaft 1 inch,Local,Motor Parts,Local,piece,350,10,315.0,15,4725.0,Jaipur Auto Parts,Jaipur,UPI,Delivered
MM-ORD-1226,2024-02-23,Feb 2024,Q1 2024,2024,Capacitor 25uF,Havells,Motor Parts,Havells,piece,120,0,120.0,19,2280.0,Ranthambore Machinery,Sawai Madhopur,Cash,Delivered
MM-ORD-1227,2025-03-29,Mar 2025,Q1 2025,2025,Fuel Filter Universal,OEM,Tractor Parts,OEM,piece,120,8,110.4,3,331.2,Khandelwal Shops,Gangapur City,Bank Transfer,Shipped
MM-ORD-1228,2024-10-06,Oct 2024,Q4 2024,2024,Oil Filter Swaraj 855,OEM,Tractor Parts,OEM,piece,180,12,158.4,15,2376.0,Pink City Motors,Jaipur,Cash,Processing
MM-ORD-1229,2024-10-17,Oct 2024,Q4 2024,2024,Total Engine Oil 10W-30 1L,Total,Engine Oil,Total,litre,410,0,410.0,14,5740.0,Pawan Motors,Gangapur City,Bank Transfer,Cancelled
MM-ORD-1230,2024-02-16,Feb 2024,Q1 2024,2024,PTO Shaft,OEM,Tractor Parts,OEM,piece,2200,8,2024.0,17,34408.0,Rajasthan Machinery Hub,Jaipur,Cash,Shipped
MM-ORD-1231,2024-11-04,Nov 2024,Q4 2024,2024,Fuel Filter Universal,OEM,Tractor Parts,OEM,piece,120,5,114.0,1,114.0,Khandelwal Shops,Gangapur City,Cash,Delivered
MM-ORD-1232,2024-01-08,Jan 2024,Q1 2024,2024,Bearing 6205,SKF,Motor Parts,SKF,piece,85,0,85.0,11,935.0,Agarwal Machinery,Gangapur City,UPI,Cancelled
MM-ORD-1233,2025-06-29,Jun 2025,Q2 2025,2025,Winding Wire 20 SWG,Finolex,Motor Parts,Finolex,piece,450,12,396.0,5,1980.0,Shiv Automobile,Gangapur City,Bank Transfer,Delivered
MM-ORD-1234,2025-02-10,Feb 2025,Q1 2025,2025,Clutch Plate John Deere,OEM,Tractor Parts,OEM,piece,1200,0,1200.0,12,14400.0,Capital Tools,Jaipur,Bank Transfer,Delivered
MM-ORD-1235,2024-11-16,Nov 2024,Q4 2024,2024,Winding Wire 20 SWG,Finolex,Motor Parts,Finolex,piece,450,0,450.0,15,6750.0,Khandelwal Shops,Gangapur City,Bank Transfer,Shipped
MM-ORD-1236,2024-04-27,Apr 2024,Q2 2024,2024,PTO Shaft,OEM,Tractor Parts,OEM,piece,2200,8,2024.0,14,28336.0,Jaipur Auto Parts,Jaipur,UPI,Delivered
MM-ORD-1237,2026-05-01,May 2026,Q2 2026,2026,Capacitor 25uF,Havells,Motor Parts,Havells,piece,120,15,102.0,20,2040.0,Shiv Automobile,Gangapur City,Bank Transfer,Delivered
MM-ORD-1238,2025-03-22,Mar 2025,Q1 2025,2025,Remola Engine Oil 10W-30 1L,Remola,Engine Oil,Remola,litre,380,5,361.0,4,1444.0,Jaipur Auto Parts,Jaipur,Bank Transfer,Shipped
MM-ORD-1239,2026-02-02,Feb 2026,Q1 2026,2026,Clutch Plate John Deere,OEM,Tractor Parts,OEM,piece,1200,8,1104.0,13,14352.0,Goyal Motors,Gangapur City,UPI,Delivered
MM-ORD-1240,2025-06-06,Jun 2025,Q2 2025,2025,Capacitor 25uF,Havells,Motor Parts,Havells,piece,120,0,120.0,6,720.0,Ranthambore Machinery,Sawai Madhopur,Bank Transfer,Delivered
MM-ORD-1241,2024-12-25,Dec 2024,Q4 2024,2024,Clutch Plate John Deere,OEM,Tractor Parts,OEM,piece,1200,10,1080.0,7,7560.0,Capital Tools,Jaipur,Bank Transfer,Cancelled
MM-ORD-1242,2024-09-19,Sep 2024,Q3 2024,2024,HP Engine Oil 10W-30 1L,HP,Engine Oil,HP,litre,390,0,390.0,4,1560.0,Kalyan Machinery Parts,Gangapur City,Cash,Delivered
MM-ORD-1243,2026-03-02,Mar 2026,Q1 2026,2026,Fuel Filter Universal,OEM,Tractor Parts,OEM,piece,120,0,120.0,3,360.0,Shiv Automobile,Gangapur City,Bank Transfer,Shipped
MM-ORD-1244,2025-11-28,Nov 2025,Q4 2025,2025,Air Filter Mahindra 265,OEM,Tractor Parts,OEM,piece,280,15,238.0,19,4522.0,Ranthambore Machinery,Sawai Madhopur,Bank Transfer,Cancelled
MM-ORD-1245,2025-03-26,Mar 2025,Q1 2025,2025,Fuel Filter Universal,OEM,Tractor Parts,OEM,piece,120,0,120.0,11,1320.0,Pawan Motors,Gangapur City,Cash,Shipped
MM-ORD-1246,2025-08-28,Aug 2025,Q3 2025,2025,Air Filter Mahindra 265,OEM,Tractor Parts,OEM,piece,280,8,257.6,10,2576.0,Rajputana Machinery Co.,Jaipur,Cash,Delivered
MM-ORD-1247,2025-04-07,Apr 2025,Q2 2025,2025,Clutch Plate John Deere,OEM,Tractor Parts,OEM,piece,1200,15,1020.0,10,10200.0,Goyal Motors,Gangapur City,Cash,Delivered
MM-ORD-1248,2025-10-22,Oct 2025,Q4 2025,2025,Capacitor 40uF,Havells,Motor Parts,Havells,piece,150,0,150.0,10,1500.0,SM Auto Parts,Sawai Madhopur,Cash,Processing
MM-ORD-1249,2025-08-17,Aug 2025,Q3 2025,2025,Fuel Filter Universal,OEM,Tractor Parts,OEM,piece,120,15,102.0,13,1326.0,Capital Tools,Jaipur,Bank Transfer,Cancelled
MM-ORD-1250,2024-11-25,Nov 2024,Q4 2024,2024,Castrol Gear Oil EP-90 5L,Castrol,Gear Oil,Castrol,litre,1180,5,1121.0,19,21299.0,Rajasthan Machinery Hub,Jaipur,Bank Transfer,Shipped
MM-ORD-1251,2024-04-15,Apr 2024,Q2 2024,2024,Clutch Plate John Deere,OEM,Tractor Parts,OEM,piece,1200,15,1020.0,2,2040.0,Shiv Automobile,Gangapur City,UPI,Cancelled
MM-ORD-1252,2024-09-10,Sep 2024,Q3 2024,2024,Remola Engine Oil 10W-30 1L,Remola,Engine Oil,Remola,litre,380,0,380.0,6,2280.0,Capital Tools,Jaipur,Bank Transfer,Shipped
MM-ORD-1253,2025-01-07,Jan 2025,Q1 2025,2025,Air Filter Mahindra 265,OEM,Tractor Parts,OEM,piece,280,0,280.0,17,4760.0,Capital Tools,Jaipur,UPI,Delivered
MM-ORD-1254,2026-03-19,Mar 2026,Q1 2026,2026,Motor Shaft 1 inch,Local,Motor Parts,Local,piece,350,0,350.0,11,3850.0,Jaipur Auto Parts,Jaipur,Bank Transfer,Cancelled
MM-ORD-1255,2025-07-25,Jul 2025,Q3 2025,2025,Capacitor 25uF,Havells,Motor Parts,Havells,piece,120,0,120.0,11,1320.0,Goyal Motors,Gangapur City,Bank Transfer,Shipped
MM-ORD-1256,2024-12-07,Dec 2024,Q4 2024,2024,Bearing 6206,FAG,Motor Parts,FAG,piece,95,0,95.0,20,1900.0,Agarwal Machinery,Gangapur City,Cash,Processing
MM-ORD-1257,2025-11-02,Nov 2025,Q4 2025,2025,HP Engine Oil 10W-30 1L,HP,Engine Oil,HP,litre,390,8,358.8,12,4305.6,Rajdhani Machinery,Sawai Madhopur,Bank Transfer,Cancelled
MM-ORD-1258,2024-11-13,Nov 2024,Q4 2024,2024,Motor Shaft 1 inch,Local,Motor Parts,Local,piece,350,0,350.0,20,7000.0,Shiv Automobile,Gangapur City,Bank Transfer,Shipped
MM-ORD-1259,2025-10-23,Oct 2025,Q4 2025,2025,Capacitor 25uF,Havells,Motor Parts,Havells,piece,120,0,120.0,5,600.0,SM Auto Parts,Sawai Madhopur,Bank Transfer,Shipped
MM-ORD-1260,2024-11-12,Nov 2024,Q4 2024,2024,Clutch Plate John Deere,OEM,Tractor Parts,OEM,piece,1200,10,1080.0,1,1080.0,Pawan Motors,Gangapur City,Cash,Delivered
MM-ORD-1261,2024-08-19,Aug 2024,Q3 2024,2024,Capacitor 25uF,Havells,Motor Parts,Havells,piece,120,5,114.0,16,1824.0,Ranthambore Machinery,Sawai Madhopur,Cash,Delivered
MM-ORD-1262,2025-11-08,Nov 2025,Q4 2025,2025,Remola Engine Oil 10W-30 1L,Remola,Engine Oil,Remola,litre,380,0,380.0,4,1520.0,Agarwal Machinery,Gangapur City,UPI,Processing
MM-ORD-1263,2024-06-15,Jun 2024,Q2 2024,2024,HP Engine Oil 10W-30 1L,HP,Engine Oil,HP,litre,390,0,390.0,13,5070.0,Pink City Motors,Jaipur,Cash,Cancelled
MM-ORD-1264,2024-02-14,Feb 2024,Q1 2024,2024,Fuel Filter Universal,OEM,Tractor Parts,OEM,piece,120,15,102.0,6,612.0,Ranthambore Machinery,Sawai Madhopur,UPI,Delivered
MM-ORD-1265,2026-02-09,Feb 2026,Q1 2026,2026,Turbo Engine Oil 1L,Turbo,Engine Oil,Turbo,litre,360,8,331.2,20,6624.0,Rajasthan Machinery Hub,Jaipur,Bank Transfer,Shipped
MM-ORD-1266,2026-04-08,Apr 2026,Q2 2026,2026,Turbo Engine Oil 1L,Turbo,Engine Oil,Turbo,litre,360,8,331.2,8,2649.6,Capital Tools,Jaipur,UPI,Delivered
MM-ORD-1267,2025-04-17,Apr 2025,Q2 2025,2025,Capacitor 40uF,Havells,Motor Parts,Havells,piece,150,15,127.5,19,2422.5,Rajputana Machinery Co.,Jaipur,UPI,Shipped
MM-ORD-1268,2026-04-16,Apr 2026,Q2 2026,2026,Clutch Plate John Deere,OEM,Tractor Parts,OEM,piece,1200,0,1200.0,14,16800.0,Capital Tools,Jaipur,Cash,Processing
MM-ORD-1269,2025-10-18,Oct 2025,Q4 2025,2025,HP Engine Oil 10W-30 1L,HP,Engine Oil,HP,litre,390,0,390.0,9,3510.0,SM Auto Parts,Sawai Madhopur,UPI,Delivered
MM-ORD-1270,2024-10-18,Oct 2024,Q4 2024,2024,Hydraulic Seal Kit,OEM,Tractor Parts,OEM,piece,450,0,450.0,4,1800.0,Rajdhani Machinery,Sawai Madhopur,Cash,Delivered
MM-ORD-1271,2026-04-30,Apr 2026,Q2 2026,2026,Bearing 6205,SKF,Motor Parts,SKF,piece,85,0,85.0,17,1445.0,Rajasthan Machinery Hub,Jaipur,UPI,Delivered
MM-ORD-1272,2024-01-28,Jan 2024,Q1 2024,2024,Turbo Engine Oil 1L,Turbo,Engine Oil,Turbo,litre,360,10,324.0,15,4860.0,SM Auto Parts,Sawai Madhopur,UPI,Delivered
MM-ORD-1273,2025-01-30,Jan 2025,Q1 2025,2025,Motor Shaft 1 inch,Local,Motor Parts,Local,piece,350,5,332.5,12,3990.0,Capital Tools,Jaipur,Cash,Delivered
MM-ORD-1274,2026-05-09,May 2026,Q2 2026,2026,Turbo Engine Oil 1L,Turbo,Engine Oil,Turbo,litre,360,0,360.0,11,3960.0,Khandelwal Shops,Gangapur City,Bank Transfer,Cancelled
MM-ORD-1275,2024-02-09,Feb 2024,Q1 2024,2024,Capacitor 25uF,Havells,Motor Parts,Havells,piece,120,0,120.0,5,600.0,Ranthambore Machinery,Sawai Madhopur,UPI,Shipped
MM-ORD-1276,2025-09-22,Sep 2025,Q3 2025,2025,HP Engine Oil 10W-30 1L,HP,Engine Oil,HP,litre,390,15,331.5,16,5304.0,Ranthambore Machinery,Sawai Madhopur,Cash,Delivered
MM-ORD-1277,2025-07-15,Jul 2025,Q3 2025,2025,Castrol Engine Oil 10W-30 1L,Castrol,Engine Oil,Castrol,litre,420,0,420.0,7,2940.0,Agarwal Machinery,Gangapur City,Bank Transfer,Processing
MM-ORD-1278,2024-08-31,Aug 2024,Q3 2024,2024,Clutch Plate John Deere,OEM,Tractor Parts,OEM,piece,1200,8,1104.0,4,4416.0,Jaipur Auto Parts,Jaipur,UPI,Delivered
MM-ORD-1279,2024-03-05,Mar 2024,Q1 2024,2024,Castrol Gear Oil EP-90 5L,Castrol,Gear Oil,Castrol,litre,1180,15,1003.0,14,14042.0,Kalyan Machinery Parts,Gangapur City,Cash,Shipped
MM-ORD-1280,2026-01-05,Jan 2026,Q1 2026,2026,Fuel Filter Universal,OEM,Tractor Parts,OEM,piece,120,5,114.0,1,114.0,Capital Tools,Jaipur,Cash,Delivered
MM-ORD-1281,2024-09-03,Sep 2024,Q3 2024,2024,Winding Wire 20 SWG,Finolex,Motor Parts,Finolex,piece,450,10,405.0,20,8100.0,Khandelwal Shops,Gangapur City,Bank Transfer,Shipped
MM-ORD-1282,2024-03-10,Mar 2024,Q1 2024,2024,Gulf Gear Oil EP-90 5L,Gulf,Gear Oil,Gulf,litre,1100,10,990.0,3,2970.0,Rajputana Machinery Co.,Jaipur,Bank Transfer,Processing
MM-ORD-1283,2025-02-03,Feb 2025,Q1 2025,2025,Clutch Plate John Deere,OEM,Tractor Parts,OEM,piece,1200,0,1200.0,17,20400.0,Ranthambore Machinery,Sawai Madhopur,UPI,Delivered
MM-ORD-1284,2024-12-31,Dec 2024,Q4 2024,2024,Motor Shaft 1 inch,Local,Motor Parts,Local,piece,350,0,350.0,9,3150.0,Pawan Motors,Gangapur City,Cash,Delivered
MM-ORD-1285,2024-05-16,May 2024,Q2 2024,2024,Turbo Engine Oil 1L,Turbo,Engine Oil,Turbo,litre,360,10,324.0,4,1296.0,Tiger Motors,Sawai Madhopur,Cash,Delivered
MM-ORD-1286,2025-12-13,Dec 2025,Q4 2025,2025,Hydraulic Seal Kit,OEM,Tractor Parts,OEM,piece,450,15,382.5,6,2295.0,Pawan Motors,Gangapur City,UPI,Cancelled
MM-ORD-1287,2026-01-03,Jan 2026,Q1 2026,2026,Gulf Gear Oil EP-90 5L,Gulf,Gear Oil,Gulf,litre,1100,0,1100.0,5,5500.0,Ranthambore Machinery,Sawai Madhopur,UPI,Delivered
MM-ORD-1288,2024-02-12,Feb 2024,Q1 2024,2024,Bearing 6206,FAG,Motor Parts,FAG,piece,95,5,90.25,2,180.5,Kalyan Machinery Parts,Gangapur City,UPI,Delivered
MM-ORD-1289,2024-09-16,Sep 2024,Q3 2024,2024,Clutch Plate John Deere,OEM,Tractor Parts,OEM,piece,1200,15,1020.0,18,18360.0,Jaipur Auto Parts,Jaipur,Cash,Cancelled
MM-ORD-1290,2025-11-02,Nov 2025,Q4 2025,2025,Veedol Engine Oil 1L,Veedol,Engine Oil,Veedol,litre,370,0,370.0,12,4440.0,Agarwal Machinery,Gangapur City,UPI,Delivered
MM-ORD-1291,2025-02-13,Feb 2025,Q1 2025,2025,Total Engine Oil 10W-30 1L,Total,Engine Oil,Total,litre,410,12,360.8,12,4329.6,Ranthambore Machinery,Sawai Madhopur,Bank Transfer,Shipped
MM-ORD-1292,2025-12-09,Dec 2025,Q4 2025,2025,Motor Shaft 1 inch,Local,Motor Parts,Local,piece,350,15,297.5,6,1785.0,Pawan Motors,Gangapur City,UPI,Delivered
MM-ORD-1293,2024-03-21,Mar 2024,Q1 2024,2024,Clutch Plate John Deere,OEM,Tractor Parts,OEM,piece,1200,12,1056.0,3,3168.0,Agarwal Machinery,Gangapur City,UPI,Processing
MM-ORD-1294,2024-04-15,Apr 2024,Q2 2024,2024,Gulf Gear Oil EP-90 5L,Gulf,Gear Oil,Gulf,litre,1100,10,990.0,10,9900.0,Capital Tools,Jaipur,Cash,Delivered
MM-ORD-1295,2024-06-19,Jun 2024,Q2 2024,2024,Bearing 6206,FAG,Motor Parts,FAG,piece,95,12,83.6,15,1254.0,Agarwal Machinery,Gangapur City,Bank Transfer,Shipped
MM-ORD-1296,2025-09-21,Sep 2025,Q3 2025,2025,Capacitor 40uF,Havells,Motor Parts,Havells,piece,150,10,135.0,2,270.0,Rajasthan Machinery Hub,Jaipur,UPI,Delivered
MM-ORD-1297,2025-06-09,Jun 2025,Q2 2025,2025,Castrol Gear Oil EP-90 5L,Castrol,Gear Oil,Castrol,litre,1180,10,1062.0,13,13806.0,Goyal Motors,Gangapur City,Bank Transfer,Cancelled
MM-ORD-1298,2024-02-05,Feb 2024,Q1 2024,2024,Gulf Gear Oil EP-90 5L,Gulf,Gear Oil,Gulf,litre,1100,15,935.0,5,4675.0,Khandelwal Shops,Gangapur City,Cash,Delivered
MM-ORD-1299,2025-01-27,Jan 2025,Q1 2025,2025,Turbo Engine Oil 1L,Turbo,Engine Oil,Turbo,litre,360,10,324.0,12,3888.0,Ranthambore Machinery,Sawai Madhopur,Bank Transfer,Delivered
MM-ORD-1300,2025-01-15,Jan 2025,Q1 2025,2025,Fuel Filter Universal,OEM,Tractor Parts,OEM,piece,120,10,108.0,15,1620.0,Shiv Automobile,Gangapur City,UPI,Delivered
MM-ORD-1301,2025-02-11,Feb 2025,Q1 2025,2025,PTO Shaft,OEM,Tractor Parts,OEM,piece,2200,10,1980.0,17,33660.0,Shiv Automobile,Gangapur City,UPI,Cancelled
MM-ORD-1302,2026-01-23,Jan 2026,Q1 2026,2026,Bearing 6205,SKF,Motor Parts,SKF,piece,85,0,85.0,4,340.0,Kalyan Machinery Parts,Gangapur City,Cash,Shipped
MM-ORD-1303,2024-09-25,Sep 2024,Q3 2024,2024,Clutch Plate John Deere,OEM,Tractor Parts,OEM,piece,1200,0,1200.0,18,21600.0,Jaipur Auto Parts,Jaipur,UPI,Cancelled
MM-ORD-1304,2025-12-11,Dec 2025,Q4 2025,2025,Air Filter Mahindra 265,OEM,Tractor Parts,OEM,piece,280,8,257.6,20,5152.0,Kalyan Machinery Parts,Gangapur City,UPI,Delivered
MM-ORD-1305,2024-06-25,Jun 2024,Q2 2024,2024,Total Engine Oil 10W-30 1L,Total,Engine Oil,Total,litre,410,15,348.5,3,1045.5,Shiv Automobile,Gangapur City,Bank Transfer,Shipped
MM-ORD-1306,2025-12-27,Dec 2025,Q4 2025,2025,Remola Engine Oil 10W-30 1L,Remola,Engine Oil,Remola,litre,380,10,342.0,11,3762.0,Ranthambore Machinery,Sawai Madhopur,Cash,Processing
MM-ORD-1307,2025-12-29,Dec 2025,Q4 2025,2025,Hydraulic Seal Kit,OEM,Tractor Parts,OEM,piece,450,0,450.0,10,4500.0,Agarwal Machinery,Gangapur City,Bank Transfer,Cancelled
MM-ORD-1308,2024-05-04,May 2024,Q2 2024,2024,Gulf Gear Oil EP-90 5L,Gulf,Gear Oil,Gulf,litre,1100,5,1045.0,12,12540.0,Ranthambore Machinery,Sawai Madhopur,Cash,Delivered
MM-ORD-1309,2025-01-04,Jan 2025,Q1 2025,2025,Turbo Engine Oil 1L,Turbo,Engine Oil,Turbo,litre,360,0,360.0,16,5760.0,Ranthambore Machinery,Sawai Madhopur,Bank Transfer,Processing
MM-ORD-1310,2025-09-18,Sep 2025,Q3 2025,2025,Capacitor 40uF,Havells,Motor Parts,Havells,piece,150,0,150.0,18,2700.0,Rajasthan Machinery Hub,Jaipur,Cash,Delivered
MM-ORD-1311,2026-02-26,Feb 2026,Q1 2026,2026,Bearing 6206,FAG,Motor Parts,FAG,piece,95,12,83.6,16,1337.6,Jaipur Auto Parts,Jaipur,UPI,Processing
MM-ORD-1312,2025-04-05,Apr 2025,Q2 2025,2025,Remola Engine Oil 10W-30 1L,Remola,Engine Oil,Remola,litre,380,0,380.0,11,4180.0,Shiv Automobile,Gangapur City,UPI,Cancelled
MM-ORD-1313,2026-02-25,Feb 2026,Q1 2026,2026,Clutch Plate John Deere,OEM,Tractor Parts,OEM,piece,1200,0,1200.0,5,6000.0,Pawan Motors,Gangapur City,Cash,Shipped
MM-ORD-1314,2025-06-14,Jun 2025,Q2 2025,2025,Clutch Plate John Deere,OEM,Tractor Parts,OEM,piece,1200,0,1200.0,2,2400.0,Rajdhani Machinery,Sawai Madhopur,Cash,Delivered
MM-ORD-1315,2024-12-20,Dec 2024,Q4 2024,2024,Gulf Gear Oil EP-90 5L,Gulf,Gear Oil,Gulf,litre,1100,5,1045.0,11,11495.0,Shiv Automobile,Gangapur City,Bank Transfer,Delivered
MM-ORD-1316,2024-05-08,May 2024,Q2 2024,2024,Remola Engine Oil 10W-30 1L,Remola,Engine Oil,Remola,litre,380,8,349.6,7,2447.2,Agarwal Machinery,Gangapur City,Bank Transfer,Delivered
MM-ORD-1317,2025-08-29,Aug 2025,Q3 2025,2025,Fuel Filter Universal,OEM,Tractor Parts,OEM,piece,120,0,120.0,3,360.0,Capital Tools,Jaipur,Bank Transfer,Delivered
MM-ORD-1318,2026-05-12,May 2026,Q2 2026,2026,Gulf Gear Oil EP-90 5L,Gulf,Gear Oil,Gulf,litre,1100,10,990.0,20,19800.0,Rajputana Machinery Co.,Jaipur,Bank Transfer,Delivered
MM-ORD-1319,2025-10-28,Oct 2025,Q4 2025,2025,Castrol Engine Oil 10W-30 1L,Castrol,Engine Oil,Castrol,litre,420,8,386.4,2,772.8,Goyal Motors,Gangapur City,Cash,Processing
MM-ORD-1320,2025-10-04,Oct 2025,Q4 2025,2025,Winding Wire 20 SWG,Finolex,Motor Parts,Finolex,piece,450,15,382.5,1,382.5,Pink City Motors,Jaipur,Bank Transfer,Delivered
MM-ORD-1321,2024-10-31,Oct 2024,Q4 2024,2024,Bearing 6206,FAG,Motor Parts,FAG,piece,95,12,83.6,8,668.8,Rajasthan Machinery Hub,Jaipur,UPI,Delivered
MM-ORD-1322,2025-05-10,May 2025,Q2 2025,2025,Castrol Gear Oil EP-90 5L,Castrol,Gear Oil,Castrol,litre,1180,12,1038.4,15,15576.0,Shiv Automobile,Gangapur City,UPI,Delivered
MM-ORD-1323,2026-01-05,Jan 2026,Q1 2026,2026,Capacitor 25uF,Havells,Motor Parts,Havells,piece,120,10,108.0,5,540.0,Pink City Motors,Jaipur,UPI,Cancelled
MM-ORD-1324,2025-06-11,Jun 2025,Q2 2025,2025,Capacitor 40uF,Havells,Motor Parts,Havells,piece,150,10,135.0,5,675.0,Jaipur Auto Parts,Jaipur,Bank Transfer,Delivered
MM-ORD-1325,2024-09-30,Sep 2024,Q3 2024,2024,Capacitor 25uF,Havells,Motor Parts,Havells,piece,120,0,120.0,15,1800.0,Kalyan Machinery Parts,Gangapur City,UPI,Delivered
MM-ORD-1326,2025-01-28,Jan 2025,Q1 2025,2025,HP Engine Oil 10W-30 1L,HP,Engine Oil,HP,litre,390,8,358.8,2,717.6,Goyal Motors,Gangapur City,Bank Transfer,Shipped
MM-ORD-1327,2025-08-14,Aug 2025,Q3 2025,2025,Turbo Engine Oil 1L,Turbo,Engine Oil,Turbo,litre,360,10,324.0,6,1944.0,SM Auto Parts,Sawai Madhopur,Bank Transfer,Delivered
MM-ORD-1328,2025-06-11,Jun 2025,Q2 2025,2025,Veedol Engine Oil 1L,Veedol,Engine Oil,Veedol,litre,370,15,314.5,6,1887.0,Ranthambore Machinery,Sawai Madhopur,UPI,Shipped
MM-ORD-1329,2025-02-06,Feb 2025,Q1 2025,2025,Bearing 6206,FAG,Motor Parts,FAG,piece,95,0,95.0,1,95.0,Rajasthan Machinery Hub,Jaipur,Bank Transfer,Shipped
MM-ORD-1330,2024-02-19,Feb 2024,Q1 2024,2024,Turbo Engine Oil 1L,Turbo,Engine Oil,Turbo,litre,360,10,324.0,19,6156.0,Kalyan Machinery Parts,Gangapur City,Cash,Delivered
MM-ORD-1331,2025-07-03,Jul 2025,Q3 2025,2025,Oil Filter Swaraj 855,OEM,Tractor Parts,OEM,piece,180,8,165.6,16,2649.6,Pink City Motors,Jaipur,Cash,Delivered
MM-ORD-1332,2026-02-21,Feb 2026,Q1 2026,2026,Winding Wire 20 SWG,Finolex,Motor Parts,Finolex,piece,450,10,405.0,9,3645.0,Shiv Automobile,Gangapur City,UPI,Delivered
MM-ORD-1333,2025-01-06,Jan 2025,Q1 2025,2025,Castrol Gear Oil EP-90 5L,Castrol,Gear Oil,Castrol,litre,1180,5,1121.0,2,2242.0,Jaipur Auto Parts,Jaipur,Bank Transfer,Delivered
MM-ORD-1334,2026-02-21,Feb 2026,Q1 2026,2026,Remola Engine Oil 10W-30 1L,Remola,Engine Oil,Remola,litre,380,15,323.0,17,5491.0,Jaipur Auto Parts,Jaipur,Bank Transfer,Delivered
MM-ORD-1335,2024-05-11,May 2024,Q2 2024,2024,Fuel Filter Universal,OEM,Tractor Parts,OEM,piece,120,0,120.0,20,2400.0,Rajputana Machinery Co.,Jaipur,Cash,Shipped
MM-ORD-1336,2026-02-12,Feb 2026,Q1 2026,2026,Capacitor 40uF,Havells,Motor Parts,Havells,piece,150,10,135.0,11,1485.0,Ranthambore Machinery,Sawai Madhopur,Cash,Delivered
MM-ORD-1337,2024-02-16,Feb 2024,Q1 2024,2024,Fuel Filter Universal,OEM,Tractor Parts,OEM,piece,120,0,120.0,13,1560.0,Capital Tools,Jaipur,Cash,Delivered
MM-ORD-1338,2024-06-01,Jun 2024,Q2 2024,2024,Capacitor 25uF,Havells,Motor Parts,Havells,piece,120,15,102.0,16,1632.0,Ranthambore Machinery,Sawai Madhopur,Bank Transfer,Processing
MM-ORD-1339,2024-06-15,Jun 2024,Q2 2024,2024,HP Engine Oil 10W-30 1L,HP,Engine Oil,HP,litre,390,10,351.0,20,7020.0,Pawan Motors,Gangapur City,UPI,Processing
MM-ORD-1340,2025-12-26,Dec 2025,Q4 2025,2025,Bearing 6206,FAG,Motor Parts,FAG,piece,95,15,80.75,11,888.25,Pink City Motors,Jaipur,Bank Transfer,Delivered
MM-ORD-1341,2024-12-05,Dec 2024,Q4 2024,2024,Oil Filter Swaraj 855,OEM,Tractor Parts,OEM,piece,180,10,162.0,1,162.0,SM Auto Parts,Sawai Madhopur,Bank Transfer,Delivered
MM-ORD-1342,2025-09-03,Sep 2025,Q3 2025,2025,Winding Wire 20 SWG,Finolex,Motor Parts,Finolex,piece,450,0,450.0,10,4500.0,Pink City Motors,Jaipur,UPI,Delivered
MM-ORD-1343,2025-08-20,Aug 2025,Q3 2025,2025,PTO Shaft,OEM,Tractor Parts,OEM,piece,2200,0,2200.0,8,17600.0,Pink City Motors,Jaipur,UPI,Delivered
MM-ORD-1344,2024-05-31,May 2024,Q2 2024,2024,Clutch Plate John Deere,OEM,Tractor Parts,OEM,piece,1200,12,1056.0,20,21120.0,Rajputana Machinery Co.,Jaipur,Bank Transfer,Delivered
MM-ORD-1345,2024-01-20,Jan 2024,Q1 2024,2024,Castrol Gear Oil EP-90 5L,Castrol,Gear Oil,Castrol,litre,1180,5,1121.0,4,4484.0,Pink City Motors,Jaipur,UPI,Delivered
MM-ORD-1346,2025-02-24,Feb 2025,Q1 2025,2025,Winding Wire 20 SWG,Finolex,Motor Parts,Finolex,piece,450,5,427.5,14,5985.0,Shiv Automobile,Gangapur City,Bank Transfer,Processing
MM-ORD-1347,2025-06-15,Jun 2025,Q2 2025,2025,Oil Filter Swaraj 855,OEM,Tractor Parts,OEM,piece,180,0,180.0,2,360.0,SM Auto Parts,Sawai Madhopur,Cash,Processing
MM-ORD-1348,2024-11-17,Nov 2024,Q4 2024,2024,Capacitor 25uF,Havells,Motor Parts,Havells,piece,120,12,105.6,16,1689.6,Rajputana Machinery Co.,Jaipur,Cash,Shipped
MM-ORD-1349,2025-11-23,Nov 2025,Q4 2025,2025,Hydraulic Seal Kit,OEM,Tractor Parts,OEM,piece,450,10,405.0,18,7290.0,Pawan Motors,Gangapur City,Bank Transfer,Cancelled
MM-ORD-1350,2024-09-09,Sep 2024,Q3 2024,2024,Bearing 6205,SKF,Motor Parts,SKF,piece,85,5,80.75,16,1292.0,Pink City Motors,Jaipur,UPI,Processing
MM-ORD-1351,2025-12-22,Dec 2025,Q4 2025,2025,Bearing 6206,FAG,Motor Parts,FAG,piece,95,8,87.4,10,874.0,Kalyan Machinery Parts,Gangapur City,Cash,Cancelled
MM-ORD-1352,2025-07-27,Jul 2025,Q3 2025,2025,Oil Filter Swaraj 855,OEM,Tractor Parts,OEM,piece,180,10,162.0,16,2592.0,Pawan Motors,Gangapur City,Bank Transfer,Delivered
MM-ORD-1353,2025-02-08,Feb 2025,Q1 2025,2025,Bearing 6206,FAG,Motor Parts,FAG,piece,95,12,83.6,19,1588.4,Goyal Motors,Gangapur City,UPI,Delivered
MM-ORD-1354,2024-12-20,Dec 2024,Q4 2024,2024,Bearing 6206,FAG,Motor Parts,FAG,piece,95,0,95.0,10,950.0,Khandelwal Shops,Gangapur City,UPI,Cancelled
MM-ORD-1355,2024-07-25,Jul 2024,Q3 2024,2024,Bearing 6205,SKF,Motor Parts,SKF,piece,85,5,80.75,16,1292.0,Tiger Motors,Sawai Madhopur,Bank Transfer,Delivered
MM-ORD-1356,2024-04-21,Apr 2024,Q2 2024,2024,Hydraulic Seal Kit,OEM,Tractor Parts,OEM,piece,450,0,450.0,9,4050.0,Tiger Motors,Sawai Madhopur,Bank Transfer,Cancelled
MM-ORD-1357,2025-11-16,Nov 2025,Q4 2025,2025,PTO Shaft,OEM,Tractor Parts,OEM,piece,2200,0,2200.0,8,17600.0,Kalyan Machinery Parts,Gangapur City,Bank Transfer,Delivered
MM-ORD-1358,2024-12-04,Dec 2024,Q4 2024,2024,Turbo Engine Oil 1L,Turbo,Engine Oil,Turbo,litre,360,12,316.8,4,1267.2,Khandelwal Shops,Gangapur City,Bank Transfer,Shipped
MM-ORD-1359,2025-07-17,Jul 2025,Q3 2025,2025,Total Engine Oil 10W-30 1L,Total,Engine Oil,Total,litre,410,0,410.0,5,2050.0,Rajputana Machinery Co.,Jaipur,Cash,Shipped
MM-ORD-1360,2024-11-24,Nov 2024,Q4 2024,2024,Oil Filter Swaraj 855,OEM,Tractor Parts,OEM,piece,180,8,165.6,7,1159.2,Rajasthan Machinery Hub,Jaipur,UPI,Cancelled
MM-ORD-1361,2025-07-01,Jul 2025,Q3 2025,2025,Castrol Gear Oil EP-90 5L,Castrol,Gear Oil,Castrol,litre,1180,5,1121.0,3,3363.0,Rajdhani Machinery,Sawai Madhopur,Bank Transfer,Cancelled
MM-ORD-1362,2026-05-07,May 2026,Q2 2026,2026,Castrol Gear Oil EP-90 5L,Castrol,Gear Oil,Castrol,litre,1180,12,1038.4,6,6230.4,Rajdhani Machinery,Sawai Madhopur,Cash,Delivered
MM-ORD-1363,2026-02-05,Feb 2026,Q1 2026,2026,Motor Shaft 1 inch,Local,Motor Parts,Local,piece,350,0,350.0,16,5600.0,Ranthambore Machinery,Sawai Madhopur,UPI,Delivered
MM-ORD-1364,2024-12-09,Dec 2024,Q4 2024,2024,Castrol Engine Oil 10W-30 1L,Castrol,Engine Oil,Castrol,litre,420,0,420.0,19,7980.0,Agarwal Machinery,Gangapur City,UPI,Shipped
MM-ORD-1365,2026-05-21,May 2026,Q2 2026,2026,Hydraulic Seal Kit,OEM,Tractor Parts,OEM,piece,450,0,450.0,16,7200.0,Capital Tools,Jaipur,Bank Transfer,Shipped
MM-ORD-1366,2024-06-15,Jun 2024,Q2 2024,2024,Bearing 6205,SKF,Motor Parts,SKF,piece,85,10,76.5,4,306.0,Kalyan Machinery Parts,Gangapur City,Bank Transfer,Shipped
MM-ORD-1367,2026-01-24,Jan 2026,Q1 2026,2026,Bearing 6205,SKF,Motor Parts,SKF,piece,85,0,85.0,6,510.0,Tiger Motors,Sawai Madhopur,UPI,Delivered
MM-ORD-1368,2025-09-17,Sep 2025,Q3 2025,2025,PTO Shaft,OEM,Tractor Parts,OEM,piece,2200,0,2200.0,7,15400.0,Rajputana Machinery Co.,Jaipur,Bank Transfer,Shipped
MM-ORD-1369,2025-02-14,Feb 2025,Q1 2025,2025,Winding Wire 20 SWG,Finolex,Motor Parts,Finolex,piece,450,0,450.0,11,4950.0,Capital Tools,Jaipur,Bank Transfer,Delivered
MM-ORD-1370,2024-09-11,Sep 2024,Q3 2024,2024,Gulf Gear Oil EP-90 5L,Gulf,Gear Oil,Gulf,litre,1100,10,990.0,16,15840.0,Shiv Automobile,Gangapur City,Cash,Delivered
MM-ORD-1371,2024-12-03,Dec 2024,Q4 2024,2024,Motor Shaft 1 inch,Local,Motor Parts,Local,piece,350,8,322.0,15,4830.0,Kalyan Machinery Parts,Gangapur City,UPI,Processing
MM-ORD-1372,2025-12-10,Dec 2025,Q4 2025,2025,PTO Shaft,OEM,Tractor Parts,OEM,piece,2200,10,1980.0,9,17820.0,Khandelwal Shops,Gangapur City,Cash,Delivered
MM-ORD-1373,2025-02-19,Feb 2025,Q1 2025,2025,Total Engine Oil 10W-30 1L,Total,Engine Oil,Total,litre,410,0,410.0,10,4100.0,Rajasthan Machinery Hub,Jaipur,Bank Transfer,Processing
MM-ORD-1374,2025-01-11,Jan 2025,Q1 2025,2025,Bearing 6206,FAG,Motor Parts,FAG,piece,95,8,87.4,4,349.6,Tiger Motors,Sawai Madhopur,Bank Transfer,Delivered
MM-ORD-1375,2025-04-10,Apr 2025,Q2 2025,2025,Turbo Engine Oil 1L,Turbo,Engine Oil,Turbo,litre,360,0,360.0,16,5760.0,Shiv Automobile,Gangapur City,Bank Transfer,Processing
MM-ORD-1376,2026-02-14,Feb 2026,Q1 2026,2026,Capacitor 40uF,Havells,Motor Parts,Havells,piece,150,15,127.5,18,2295.0,Jaipur Auto Parts,Jaipur,Bank Transfer,Cancelled
MM-ORD-1377,2025-06-22,Jun 2025,Q2 2025,2025,Veedol Engine Oil 1L,Veedol,Engine Oil,Veedol,litre,370,0,370.0,8,2960.0,Ranthambore Machinery,Sawai Madhopur,UPI,Processing
MM-ORD-1378,2024-03-04,Mar 2024,Q1 2024,2024,Capacitor 40uF,Havells,Motor Parts,Havells,piece,150,0,150.0,19,2850.0,Goyal Motors,Gangapur City,Bank Transfer,Processing
MM-ORD-1379,2024-06-17,Jun 2024,Q2 2024,2024,Veedol Engine Oil 1L,Veedol,Engine Oil,Veedol,litre,370,0,370.0,18,6660.0,Pink City Motors,Jaipur,UPI,Processing
MM-ORD-1380,2024-04-03,Apr 2024,Q2 2024,2024,Air Filter Mahindra 265,OEM,Tractor Parts,OEM,piece,280,15,238.0,7,1666.0,Goyal Motors,Gangapur City,Bank Transfer,Shipped
MM-ORD-1381,2025-04-12,Apr 2025,Q2 2025,2025,Castrol Gear Oil EP-90 5L,Castrol,Gear Oil,Castrol,litre,1180,12,1038.4,5,5192.0,Rajasthan Machinery Hub,Jaipur,Bank Transfer,Delivered
MM-ORD-1382,2025-02-09,Feb 2025,Q1 2025,2025,Hydraulic Seal Kit,OEM,Tractor Parts,OEM,piece,450,0,450.0,10,4500.0,Rajasthan Machinery Hub,Jaipur,UPI,Delivered
MM-ORD-1383,2025-03-09,Mar 2025,Q1 2025,2025,Veedol Engine Oil 1L,Veedol,Engine Oil,Veedol,litre,370,0,370.0,3,1110.0,Pink City Motors,Jaipur,UPI,Cancelled
MM-ORD-1384,2025-04-28,Apr 2025,Q2 2025,2025,Remola Engine Oil 10W-30 1L,Remola,Engine Oil,Remola,litre,380,0,380.0,2,760.0,Capital Tools,Jaipur,Cash,Delivered
MM-ORD-1385,2025-01-18,Jan 2025,Q1 2025,2025,Winding Wire 20 SWG,Finolex,Motor Parts,Finolex,piece,450,12,396.0,5,1980.0,Shiv Automobile,Gangapur City,UPI,Shipped
MM-ORD-1386,2025-10-31,Oct 2025,Q4 2025,2025,Motor Shaft 1 inch,Local,Motor Parts,Local,piece,350,0,350.0,3,1050.0,Jaipur Auto Parts,Jaipur,UPI,Delivered
MM-ORD-1387,2026-01-15,Jan 2026,Q1 2026,2026,Gulf Gear Oil EP-90 5L,Gulf,Gear Oil,Gulf,litre,1100,0,1100.0,13,14300.0,Capital Tools,Jaipur,Cash,Delivered
MM-ORD-1388,2025-06-28,Jun 2025,Q2 2025,2025,Castrol Engine Oil 10W-30 1L,Castrol,Engine Oil,Castrol,litre,420,12,369.6,15,5544.0,Agarwal Machinery,Gangapur City,UPI,Delivered
MM-ORD-1389,2024-10-09,Oct 2024,Q4 2024,2024,Turbo Engine Oil 1L,Turbo,Engine Oil,Turbo,litre,360,0,360.0,12,4320.0,Rajasthan Machinery Hub,Jaipur,Cash,Cancelled
MM-ORD-1390,2024-09-03,Sep 2024,Q3 2024,2024,Total Engine Oil 10W-30 1L,Total,Engine Oil,Total,litre,410,0,410.0,14,5740.0,Khandelwal Shops,Gangapur City,Cash,Delivered
MM-ORD-1391,2025-09-04,Sep 2025,Q3 2025,2025,Total Engine Oil 10W-30 1L,Total,Engine Oil,Total,litre,410,15,348.5,2,697.0,Pink City Motors,Jaipur,Bank Transfer,Cancelled
MM-ORD-1392,2025-03-25,Mar 2025,Q1 2025,2025,Castrol Gear Oil EP-90 5L,Castrol,Gear Oil,Castrol,litre,1180,12,1038.4,2,2076.8,Kalyan Machinery Parts,Gangapur City,Cash,Processing
MM-ORD-1393,2025-05-30,May 2025,Q2 2025,2025,Veedol Engine Oil 1L,Veedol,Engine Oil,Veedol,litre,370,0,370.0,2,740.0,Ranthambore Machinery,Sawai Madhopur,UPI,Delivered
MM-ORD-1394,2024-08-30,Aug 2024,Q3 2024,2024,PTO Shaft,OEM,Tractor Parts,OEM,piece,2200,10,1980.0,19,37620.0,Pawan Motors,Gangapur City,UPI,Delivered
MM-ORD-1395,2024-10-08,Oct 2024,Q4 2024,2024,Clutch Plate John Deere,OEM,Tractor Parts,OEM,piece,1200,8,1104.0,14,15456.0,Kalyan Machinery Parts,Gangapur City,Cash,Processing
MM-ORD-1396,2025-07-23,Jul 2025,Q3 2025,2025,PTO Shaft,OEM,Tractor Parts,OEM,piece,2200,12,1936.0,6,11616.0,Rajdhani Machinery,Sawai Madhopur,UPI,Delivered
MM-ORD-1397,2025-12-14,Dec 2025,Q4 2025,2025,Capacitor 40uF,Havells,Motor Parts,Havells,piece,150,10,135.0,13,1755.0,Rajputana Machinery Co.,Jaipur,UPI,Shipped
MM-ORD-1398,2026-02-11,Feb 2026,Q1 2026,2026,HP Engine Oil 10W-30 1L,HP,Engine Oil,HP,litre,390,0,390.0,13,5070.0,Agarwal Machinery,Gangapur City,Bank Transfer,Shipped
MM-ORD-1399,2026-05-28,May 2026,Q2 2026,2026,Turbo Engine Oil 1L,Turbo,Engine Oil,Turbo,litre,360,8,331.2,8,2649.6,SM Auto Parts,Sawai Madhopur,Bank Transfer,Delivered
MM-ORD-1400,2025-03-02,Mar 2025,Q1 2025,2025,Air Filter Mahindra 265,OEM,Tractor Parts,OEM,piece,280,12,246.4,2,492.8,Rajdhani Machinery,Sawai Madhopur,Bank Transfer,Processing
MM-ORD-1401,2024-07-27,Jul 2024,Q3 2024,2024,HP Engine Oil 10W-30 1L,HP,Engine Oil,HP,litre,390,8,358.8,8,2870.4,Jaipur Auto Parts,Jaipur,UPI,Cancelled
MM-ORD-1402,2024-04-04,Apr 2024,Q2 2024,2024,Remola Engine Oil 10W-30 1L,Remola,Engine Oil,Remola,litre,380,10,342.0,15,5130.0,Rajdhani Machinery,Sawai Madhopur,Bank Transfer,Cancelled
MM-ORD-1403,2025-11-20,Nov 2025,Q4 2025,2025,Veedol Engine Oil 1L,Veedol,Engine Oil,Veedol,litre,370,12,325.6,9,2930.4,Khandelwal Shops,Gangapur City,Bank Transfer,Processing
MM-ORD-1404,2026-04-03,Apr 2026,Q2 2026,2026,Castrol Gear Oil EP-90 5L,Castrol,Gear Oil,Castrol,litre,1180,5,1121.0,3,3363.0,SM Auto Parts,Sawai Madhopur,Bank Transfer,Cancelled
MM-ORD-1405,2024-12-06,Dec 2024,Q4 2024,2024,Hydraulic Seal Kit,OEM,Tractor Parts,OEM,piece,450,5,427.5,16,6840.0,Kalyan Machinery Parts,Gangapur City,UPI,Delivered
MM-ORD-1406,2026-02-03,Feb 2026,Q1 2026,2026,Veedol Engine Oil 1L,Veedol,Engine Oil,Veedol,litre,370,0,370.0,7,2590.0,Rajdhani Machinery,Sawai Madhopur,UPI,Delivered
MM-ORD-1407,2024-09-02,Sep 2024,Q3 2024,2024,Fuel Filter Universal,OEM,Tractor Parts,OEM,piece,120,12,105.6,7,739.2,Tiger Motors,Sawai Madhopur,Bank Transfer,Delivered
MM-ORD-1408,2024-11-11,Nov 2024,Q4 2024,2024,Bearing 6206,FAG,Motor Parts,FAG,piece,95,10,85.5,15,1282.5,Jaipur Auto Parts,Jaipur,UPI,Delivered
MM-ORD-1409,2024-04-10,Apr 2024,Q2 2024,2024,Clutch Plate John Deere,OEM,Tractor Parts,OEM,piece,1200,15,1020.0,16,16320.0,Rajdhani Machinery,Sawai Madhopur,Bank Transfer,Shipped
MM-ORD-1410,2024-11-16,Nov 2024,Q4 2024,2024,Capacitor 25uF,Havells,Motor Parts,Havells,piece,120,10,108.0,7,756.0,Rajdhani Machinery,Sawai Madhopur,UPI,Delivered
MM-ORD-1411,2024-01-17,Jan 2024,Q1 2024,2024,PTO Shaft,OEM,Tractor Parts,OEM,piece,2200,0,2200.0,8,17600.0,SM Auto Parts,Sawai Madhopur,UPI,Processing
MM-ORD-1412,2024-06-05,Jun 2024,Q2 2024,2024,PTO Shaft,OEM,Tractor Parts,OEM,piece,2200,8,2024.0,14,28336.0,Pink City Motors,Jaipur,Cash,Delivered
MM-ORD-1413,2025-05-26,May 2025,Q2 2025,2025,Turbo Engine Oil 1L,Turbo,Engine Oil,Turbo,litre,360,5,342.0,19,6498.0,Jaipur Auto Parts,Jaipur,Bank Transfer,Cancelled
MM-ORD-1414,2025-04-16,Apr 2025,Q2 2025,2025,Capacitor 25uF,Havells,Motor Parts,Havells,piece,120,15,102.0,16,1632.0,Agarwal Machinery,Gangapur City,Cash,Cancelled
MM-ORD-1415,2024-07-07,Jul 2024,Q3 2024,2024,Capacitor 40uF,Havells,Motor Parts,Havells,piece,150,15,127.5,5,637.5,Shiv Automobile,Gangapur City,Bank Transfer,Cancelled
MM-ORD-1416,2026-04-17,Apr 2026,Q2 2026,2026,Castrol Gear Oil EP-90 5L,Castrol,Gear Oil,Castrol,litre,1180,0,1180.0,2,2360.0,Capital Tools,Jaipur,Bank Transfer,Delivered
MM-ORD-1417,2024-03-10,Mar 2024,Q1 2024,2024,Castrol Engine Oil 10W-30 1L,Castrol,Engine Oil,Castrol,litre,420,5,399.0,5,1995.0,Jaipur Auto Parts,Jaipur,Bank Transfer,Delivered
MM-ORD-1418,2025-01-17,Jan 2025,Q1 2025,2025,Castrol Engine Oil 10W-30 1L,Castrol,Engine Oil,Castrol,litre,420,15,357.0,17,6069.0,Kalyan Machinery Parts,Gangapur City,Cash,Processing
MM-ORD-1419,2024-01-17,Jan 2024,Q1 2024,2024,Fuel Filter Universal,OEM,Tractor Parts,OEM,piece,120,15,102.0,16,1632.0,Rajdhani Machinery,Sawai Madhopur,Cash,Processing
MM-ORD-1420,2025-06-26,Jun 2025,Q2 2025,2025,Hydraulic Seal Kit,OEM,Tractor Parts,OEM,piece,450,0,450.0,1,450.0,Jaipur Auto Parts,Jaipur,Bank Transfer,Delivered
MM-ORD-1421,2026-04-05,Apr 2026,Q2 2026,2026,Hydraulic Seal Kit,OEM,Tractor Parts,OEM,piece,450,12,396.0,1,396.0,Agarwal Machinery,Gangapur City,Cash,Delivered
MM-ORD-1422,2024-07-15,Jul 2024,Q3 2024,2024,Total Engine Oil 10W-30 1L,Total,Engine Oil,Total,litre,410,5,389.5,5,1947.5,Capital Tools,Jaipur,Bank Transfer,Processing
MM-ORD-1423,2026-03-25,Mar 2026,Q1 2026,2026,Bearing 6205,SKF,Motor Parts,SKF,piece,85,8,78.2,12,938.4,SM Auto Parts,Sawai Madhopur,UPI,Delivered
MM-ORD-1424,2025-12-14,Dec 2025,Q4 2025,2025,Capacitor 40uF,Havells,Motor Parts,Havells,piece,150,5,142.5,15,2137.5,Jaipur Auto Parts,Jaipur,Cash,Delivered
MM-ORD-1425,2025-02-19,Feb 2025,Q1 2025,2025,Remola Engine Oil 10W-30 1L,Remola,Engine Oil,Remola,litre,380,0,380.0,2,760.0,Rajputana Machinery Co.,Jaipur,UPI,Shipped
MM-ORD-1426,2025-12-20,Dec 2025,Q4 2025,2025,Hydraulic Seal Kit,OEM,Tractor Parts,OEM,piece,450,0,450.0,2,900.0,Rajasthan Machinery Hub,Jaipur,Cash,Delivered
MM-ORD-1427,2025-08-02,Aug 2025,Q3 2025,2025,Oil Filter Swaraj 855,OEM,Tractor Parts,OEM,piece,180,10,162.0,14,2268.0,SM Auto Parts,Sawai Madhopur,Cash,Processing
MM-ORD-1428,2024-10-04,Oct 2024,Q4 2024,2024,Castrol Gear Oil EP-90 5L,Castrol,Gear Oil,Castrol,litre,1180,15,1003.0,7,7021.0,Kalyan Machinery Parts,Gangapur City,Cash,Delivered
MM-ORD-1429,2024-07-02,Jul 2024,Q3 2024,2024,Bearing 6205,SKF,Motor Parts,SKF,piece,85,0,85.0,18,1530.0,Rajdhani Machinery,Sawai Madhopur,UPI,Delivered
MM-ORD-1430,2024-03-19,Mar 2024,Q1 2024,2024,Veedol Engine Oil 1L,Veedol,Engine Oil,Veedol,litre,370,12,325.6,5,1628.0,Pink City Motors,Jaipur,UPI,Delivered
MM-ORD-1431,2025-11-24,Nov 2025,Q4 2025,2025,PTO Shaft,OEM,Tractor Parts,OEM,piece,2200,12,1936.0,19,36784.0,Kalyan Machinery Parts,Gangapur City,Bank Transfer,Delivered
MM-ORD-1432,2025-05-27,May 2025,Q2 2025,2025,Motor Shaft 1 inch,Local,Motor Parts,Local,piece,350,0,350.0,5,1750.0,Ranthambore Machinery,Sawai Madhopur,Bank Transfer,Delivered
MM-ORD-1433,2026-05-08,May 2026,Q2 2026,2026,Castrol Gear Oil EP-90 5L,Castrol,Gear Oil,Castrol,litre,1180,5,1121.0,14,15694.0,Goyal Motors,Gangapur City,Cash,Delivered
MM-ORD-1434,2026-03-03,Mar 2026,Q1 2026,2026,Fuel Filter Universal,OEM,Tractor Parts,OEM,piece,120,12,105.6,20,2112.0,Ranthambore Machinery,Sawai Madhopur,UPI,Delivered
MM-ORD-1435,2024-08-21,Aug 2024,Q3 2024,2024,Bearing 6205,SKF,Motor Parts,SKF,piece,85,15,72.25,15,1083.75,Ranthambore Machinery,Sawai Madhopur,UPI,Processing
MM-ORD-1436,2024-03-28,Mar 2024,Q1 2024,2024,Motor Shaft 1 inch,Local,Motor Parts,Local,piece,350,12,308.0,6,1848.0,Jaipur Auto Parts,Jaipur,Bank Transfer,Delivered
MM-ORD-1437,2024-10-01,Oct 2024,Q4 2024,2024,Turbo Engine Oil 1L,Turbo,Engine Oil,Turbo,litre,360,0,360.0,3,1080.0,Tiger Motors,Sawai Madhopur,Cash,Shipped
MM-ORD-1438,2025-01-04,Jan 2025,Q1 2025,2025,HP Engine Oil 10W-30 1L,HP,Engine Oil,HP,litre,390,10,351.0,13,4563.0,Tiger Motors,Sawai Madhopur,Cash,Delivered
MM-ORD-1439,2026-02-18,Feb 2026,Q1 2026,2026,Castrol Engine Oil 10W-30 1L,Castrol,Engine Oil,Castrol,litre,420,10,378.0,15,5670.0,Agarwal Machinery,Gangapur City,UPI,Delivered
MM-ORD-1440,2025-04-04,Apr 2025,Q2 2025,2025,HP Engine Oil 10W-30 1L,HP,Engine Oil,HP,litre,390,12,343.2,6,2059.2,Goyal Motors,Gangapur City,Bank Transfer,Processing
MM-ORD-1441,2024-04-01,Apr 2024,Q2 2024,2024,Clutch Plate John Deere,OEM,Tractor Parts,OEM,piece,1200,0,1200.0,4,4800.0,Jaipur Auto Parts,Jaipur,UPI,Processing
MM-ORD-1442,2025-01-29,Jan 2025,Q1 2025,2025,Remola Engine Oil 10W-30 1L,Remola,Engine Oil,Remola,litre,380,10,342.0,20,6840.0,Pink City Motors,Jaipur,Cash,Delivered
MM-ORD-1443,2025-08-08,Aug 2025,Q3 2025,2025,Winding Wire 20 SWG,Finolex,Motor Parts,Finolex,piece,450,5,427.5,3,1282.5,Jaipur Auto Parts,Jaipur,Bank Transfer,Delivered
MM-ORD-1444,2024-11-04,Nov 2024,Q4 2024,2024,Motor Shaft 1 inch,Local,Motor Parts,Local,piece,350,8,322.0,5,1610.0,Shiv Automobile,Gangapur City,UPI,Shipped
MM-ORD-1445,2024-10-09,Oct 2024,Q4 2024,2024,HP Engine Oil 10W-30 1L,HP,Engine Oil,HP,litre,390,12,343.2,6,2059.2,Goyal Motors,Gangapur City,UPI,Delivered
MM-ORD-1446,2024-09-14,Sep 2024,Q3 2024,2024,Oil Filter Swaraj 855,OEM,Tractor Parts,OEM,piece,180,10,162.0,3,486.0,Ranthambore Machinery,Sawai Madhopur,Cash,Cancelled
MM-ORD-1447,2025-04-13,Apr 2025,Q2 2025,2025,Oil Filter Swaraj 855,OEM,Tractor Parts,OEM,piece,180,5,171.0,20,3420.0,Pink City Motors,Jaipur,Cash,Delivered
MM-ORD-1448,2026-05-11,May 2026,Q2 2026,2026,Bearing 6206,FAG,Motor Parts,FAG,piece,95,10,85.5,13,1111.5,Khandelwal Shops,Gangapur City,Bank Transfer,Shipped
MM-ORD-1449,2026-04-15,Apr 2026,Q2 2026,2026,Capacitor 25uF,Havells,Motor Parts,Havells,piece,120,12,105.6,11,1161.6,Rajasthan Machinery Hub,Jaipur,Bank Transfer,Processing
MM-ORD-1450,2025-05-05,May 2025,Q2 2025,2025,HP Engine Oil 10W-30 1L,HP,Engine Oil,HP,litre,390,5,370.5,11,4075.5,Agarwal Machinery,Gangapur City,UPI,Delivered
MM-ORD-1451,2025-08-12,Aug 2025,Q3 2025,2025,Motor Shaft 1 inch,Local,Motor Parts,Local,piece,350,15,297.5,10,2975.0,Pawan Motors,Gangapur City,Cash,Delivered
MM-ORD-1452,2024-04-26,Apr 2024,Q2 2024,2024,Motor Shaft 1 inch,Local,Motor Parts,Local,piece,350,10,315.0,13,4095.0,Agarwal Machinery,Gangapur City,Bank Transfer,Delivered
MM-ORD-1453,2026-01-14,Jan 2026,Q1 2026,2026,PTO Shaft,OEM,Tractor Parts,OEM,piece,2200,0,2200.0,6,13200.0,Capital Tools,Jaipur,UPI,Cancelled
MM-ORD-1454,2026-04-18,Apr 2026,Q2 2026,2026,Veedol Engine Oil 1L,Veedol,Engine Oil,Veedol,litre,370,0,370.0,10,3700.0,Rajasthan Machinery Hub,Jaipur,UPI,Cancelled
MM-ORD-1455,2024-09-15,Sep 2024,Q3 2024,2024,Oil Filter Swaraj 855,OEM,Tractor Parts,OEM,piece,180,5,171.0,10,1710.0,Shiv Automobile,Gangapur City,Bank Transfer,Delivered
MM-ORD-1456,2025-04-04,Apr 2025,Q2 2025,2025,Winding Wire 20 SWG,Finolex,Motor Parts,Finolex,piece,450,0,450.0,13,5850.0,Ranthambore Machinery,Sawai Madhopur,Bank Transfer,Shipped
MM-ORD-1457,2025-07-10,Jul 2025,Q3 2025,2025,PTO Shaft,OEM,Tractor Parts,OEM,piece,2200,12,1936.0,18,34848.0,Jaipur Auto Parts,Jaipur,Cash,Delivered
MM-ORD-1458,2026-02-26,Feb 2026,Q1 2026,2026,Hydraulic Seal Kit,OEM,Tractor Parts,OEM,piece,450,0,450.0,3,1350.0,Pink City Motors,Jaipur,Cash,Cancelled
MM-ORD-1459,2025-07-30,Jul 2025,Q3 2025,2025,Capacitor 40uF,Havells,Motor Parts,Havells,piece,150,0,150.0,20,3000.0,Shiv Automobile,Gangapur City,Bank Transfer,Cancelled
MM-ORD-1460,2024-04-18,Apr 2024,Q2 2024,2024,Motor Shaft 1 inch,Local,Motor Parts,Local,piece,350,12,308.0,11,3388.0,Ranthambore Machinery,Sawai Madhopur,Cash,Delivered
MM-ORD-1461,2025-04-01,Apr 2025,Q2 2025,2025,Bearing 6205,SKF,Motor Parts,SKF,piece,85,5,80.75,17,1372.75,Kalyan Machinery Parts,Gangapur City,UPI,Shipped
MM-ORD-1462,2024-12-19,Dec 2024,Q4 2024,2024,Air Filter Mahindra 265,OEM,Tractor Parts,OEM,piece,280,0,280.0,19,5320.0,Ranthambore Machinery,Sawai Madhopur,Cash,Shipped
MM-ORD-1463,2024-04-28,Apr 2024,Q2 2024,2024,Total Engine Oil 10W-30 1L,Total,Engine Oil,Total,litre,410,0,410.0,14,5740.0,Agarwal Machinery,Gangapur City,Bank Transfer,Delivered
MM-ORD-1464,2026-03-14,Mar 2026,Q1 2026,2026,Capacitor 40uF,Havells,Motor Parts,Havells,piece,150,15,127.5,11,1402.5,Agarwal Machinery,Gangapur City,Cash,Processing
MM-ORD-1465,2025-03-24,Mar 2025,Q1 2025,2025,Oil Filter Swaraj 855,OEM,Tractor Parts,OEM,piece,180,0,180.0,16,2880.0,Pawan Motors,Gangapur City,Bank Transfer,Cancelled
MM-ORD-1466,2024-02-15,Feb 2024,Q1 2024,2024,Air Filter Mahindra 265,OEM,Tractor Parts,OEM,piece,280,8,257.6,3,772.8,Pawan Motors,Gangapur City,Bank Transfer,Delivered
MM-ORD-1467,2025-11-24,Nov 2025,Q4 2025,2025,Castrol Engine Oil 10W-30 1L,Castrol,Engine Oil,Castrol,litre,420,0,420.0,11,4620.0,SM Auto Parts,Sawai Madhopur,Cash,Cancelled
MM-ORD-1468,2024-12-04,Dec 2024,Q4 2024,2024,Turbo Engine Oil 1L,Turbo,Engine Oil,Turbo,litre,360,0,360.0,6,2160.0,Capital Tools,Jaipur,Bank Transfer,Shipped
MM-ORD-1469,2024-07-09,Jul 2024,Q3 2024,2024,Air Filter Mahindra 265,OEM,Tractor Parts,OEM,piece,280,0,280.0,13,3640.0,Kalyan Machinery Parts,Gangapur City,Bank Transfer,Cancelled
MM-ORD-1470,2025-04-05,Apr 2025,Q2 2025,2025,Winding Wire 20 SWG,Finolex,Motor Parts,Finolex,piece,450,5,427.5,1,427.5,Jaipur Auto Parts,Jaipur,Bank Transfer,Shipped
MM-ORD-1471,2024-10-12,Oct 2024,Q4 2024,2024,Motor Shaft 1 inch,Local,Motor Parts,Local,piece,350,5,332.5,7,2327.5,Khandelwal Shops,Gangapur City,Bank Transfer,Delivered
MM-ORD-1472,2025-01-09,Jan 2025,Q1 2025,2025,PTO Shaft,OEM,Tractor Parts,OEM,piece,2200,0,2200.0,18,39600.0,Goyal Motors,Gangapur City,UPI,Delivered
MM-ORD-1473,2025-06-24,Jun 2025,Q2 2025,2025,Air Filter Mahindra 265,OEM,Tractor Parts,OEM,piece,280,15,238.0,9,2142.0,Goyal Motors,Gangapur City,Bank Transfer,Delivered
MM-ORD-1474,2025-08-24,Aug 2025,Q3 2025,2025,Fuel Filter Universal,OEM,Tractor Parts,OEM,piece,120,12,105.6,20,2112.0,Jaipur Auto Parts,Jaipur,Cash,Delivered
MM-ORD-1475,2026-04-13,Apr 2026,Q2 2026,2026,Capacitor 40uF,Havells,Motor Parts,Havells,piece,150,0,150.0,15,2250.0,SM Auto Parts,Sawai Madhopur,Bank Transfer,Cancelled
MM-ORD-1476,2025-11-19,Nov 2025,Q4 2025,2025,Bearing 6206,FAG,Motor Parts,FAG,piece,95,0,95.0,20,1900.0,Rajdhani Machinery,Sawai Madhopur,Cash,Delivered
MM-ORD-1477,2024-07-06,Jul 2024,Q3 2024,2024,Total Engine Oil 10W-30 1L,Total,Engine Oil,Total,litre,410,0,410.0,10,4100.0,Kalyan Machinery Parts,Gangapur City,UPI,Cancelled
MM-ORD-1478,2025-09-02,Sep 2025,Q3 2025,2025,HP Engine Oil 10W-30 1L,HP,Engine Oil,HP,litre,390,12,343.2,13,4461.6,Capital Tools,Jaipur,Cash,Processing
MM-ORD-1479,2025-10-12,Oct 2025,Q4 2025,2025,Motor Shaft 1 inch,Local,Motor Parts,Local,piece,350,15,297.5,6,1785.0,Jaipur Auto Parts,Jaipur,Bank Transfer,Cancelled
MM-ORD-1480,2024-10-22,Oct 2024,Q4 2024,2024,Gulf Gear Oil EP-90 5L,Gulf,Gear Oil,Gulf,litre,1100,15,935.0,6,5610.0,Capital Tools,Jaipur,Cash,Delivered
MM-ORD-1481,2025-01-02,Jan 2025,Q1 2025,2025,Capacitor 25uF,Havells,Motor Parts,Havells,piece,120,0,120.0,15,1800.0,SM Auto Parts,Sawai Madhopur,Cash,Shipped
MM-ORD-1482,2025-02-22,Feb 2025,Q1 2025,2025,HP Engine Oil 10W-30 1L,HP,Engine Oil,HP,litre,390,15,331.5,13,4309.5,Kalyan Machinery Parts,Gangapur City,Bank Transfer,Shipped
MM-ORD-1483,2024-06-20,Jun 2024,Q2 2024,2024,Winding Wire 20 SWG,Finolex,Motor Parts,Finolex,piece,450,15,382.5,15,5737.5,Tiger Motors,Sawai Madhopur,Cash,Processing
MM-ORD-1484,2024-02-03,Feb 2024,Q1 2024,2024,Castrol Engine Oil 10W-30 1L,Castrol,Engine Oil,Castrol,litre,420,8,386.4,8,3091.2,Ranthambore Machinery,Sawai Madhopur,UPI,Delivered
MM-ORD-1485,2025-08-02,Aug 2025,Q3 2025,2025,Hydraulic Seal Kit,OEM,Tractor Parts,OEM,piece,450,15,382.5,6,2295.0,Agarwal Machinery,Gangapur City,Bank Transfer,Shipped
MM-ORD-1486,2024-10-01,Oct 2024,Q4 2024,2024,Hydraulic Seal Kit,OEM,Tractor Parts,OEM,piece,450,0,450.0,4,1800.0,Capital Tools,Jaipur,Bank Transfer,Delivered
MM-ORD-1487,2025-07-13,Jul 2025,Q3 2025,2025,Hydraulic Seal Kit,OEM,Tractor Parts,OEM,piece,450,15,382.5,2,765.0,SM Auto Parts,Sawai Madhopur,Cash,Shipped
MM-ORD-1488,2024-02-03,Feb 2024,Q1 2024,2024,Total Engine Oil 10W-30 1L,Total,Engine Oil,Total,litre,410,8,377.2,8,3017.6,Tiger Motors,Sawai Madhopur,UPI,Delivered
MM-ORD-1489,2024-04-30,Apr 2024,Q2 2024,2024,Capacitor 40uF,Havells,Motor Parts,Havells,piece,150,15,127.5,3,382.5,SM Auto Parts,Sawai Madhopur,Cash,Delivered
MM-ORD-1490,2024-06-18,Jun 2024,Q2 2024,2024,PTO Shaft,OEM,Tractor Parts,OEM,piece,2200,12,1936.0,12,23232.0,Tiger Motors,Sawai Madhopur,Bank Transfer,Delivered
MM-ORD-1491,2025-08-06,Aug 2025,Q3 2025,2025,Veedol Engine Oil 1L,Veedol,Engine Oil,Veedol,litre,370,0,370.0,7,2590.0,SM Auto Parts,Sawai Madhopur,UPI,Processing
MM-ORD-1492,2024-11-27,Nov 2024,Q4 2024,2024,Bearing 6205,SKF,Motor Parts,SKF,piece,85,0,85.0,18,1530.0,Pink City Motors,Jaipur,Bank Transfer,Delivered
MM-ORD-1493,2024-05-18,May 2024,Q2 2024,2024,Bearing 6206,FAG,Motor Parts,FAG,piece,95,0,95.0,9,855.0,Pink City Motors,Jaipur,UPI,Delivered
MM-ORD-1494,2024-09-12,Sep 2024,Q3 2024,2024,Bearing 6205,SKF,Motor Parts,SKF,piece,85,0,85.0,5,425.0,SM Auto Parts,Sawai Madhopur,Cash,Cancelled
MM-ORD-1495,2025-05-16,May 2025,Q2 2025,2025,Capacitor 25uF,Havells,Motor Parts,Havells,piece,120,12,105.6,8,844.8,SM Auto Parts,Sawai Madhopur,Cash,Processing
MM-ORD-1496,2025-04-07,Apr 2025,Q2 2025,2025,Bearing 6205,SKF,Motor Parts,SKF,piece,85,12,74.8,14,1047.2,Rajputana Machinery Co.,Jaipur,Cash,Cancelled
MM-ORD-1497,2025-12-12,Dec 2025,Q4 2025,2025,Remola Engine Oil 10W-30 1L,Remola,Engine Oil,Remola,litre,380,8,349.6,17,5943.2,Jaipur Auto Parts,Jaipur,UPI,Shipped
MM-ORD-1498,2026-03-03,Mar 2026,Q1 2026,2026,Oil Filter Swaraj 855,OEM,Tractor Parts,OEM,piece,180,0,180.0,19,3420.0,Pawan Motors,Gangapur City,Bank Transfer,Delivered
MM-ORD-1499,2026-03-25,Mar 2026,Q1 2026,2026,Air Filter Mahindra 265,OEM,Tractor Parts,OEM,piece,280,0,280.0,12,3360.0,Rajputana Machinery Co.,Jaipur,Bank Transfer,Shipped
MM-ORD-1500,2024-10-01,Oct 2024,Q4 2024,2024,Veedol Engine Oil 1L,Veedol,Engine Oil,Veedol,litre,370,15,314.5,7,2201.5,Jaipur Auto Parts,Jaipur,UPI,Delivered
